Generated Sequence,Pseudo Perplexity,ID
YDTNLPIIRDKWTFGAWFPYKSDSIEIDGQISKMPKNIDAFLQDSARERDFGIGRALPTVLDTLKELLYLGIALAGMIRTLENKPEILTKKTV,18.690483559359336,denovo_0
GTVHLSMYEIYTFTTNSLEQVITLANFTGLCFFFHFISGIMDYGTLWQNVIMASIMGLVLTLGMDEAFMTSHFGELPTATMYAALVFTCQWVYDRYGDIVFHGCVTCLGLGIHAVFAEIPCVNFNLNHSLFTVCIMVFATWFCLLAHGLSLFHHVINGTVGYVSDIFSLSVVICTRDTLLVFLFIFGFALSMTIAHLLMTHKPWLPE,17.041864369766074,denovo_1
NLREILAVNAKSIGVKPGKTKVHAVYQRQNETGLKAAQLGEADAQATTPYALGRSRSYLARSLIYQYFDNPRKQIGASLLFAPFLGLA,17.323799176907084,denovo_2
PVCPRMRSFAFWQTFGRATTHPATRFMVLPCATQLAYSACAYDNYNMSEHIEIPQKPAWDKHVMNQDWAKPMNIAYDHNVSNNRYLAKLPLNTSADIFFIILC,21.731950385682936,denovo_3
AVKWDPSLKSRMEVKDTGKIKVLHSATKQMASYMPKCMDCSEYELVKRSMVVFPKIHCFGAKSARYICNCAGDLRILTHHPAHHYGDTCTIEAAEFLMEFSDNCVFHGAPNDIAVRSGVRNLPYKQNHAGYDFLWKQHAACTLLYPGFPFAMCYSGGIAGGDFLFKMQNITDGSVTHKRMYTERTAFVMGNFGENCLGWWVYERSKKKYTASMKCRFKNGLEKPWHFKSVPALKYHPCPPT,19.93911639208504,denovo_4
LDQPQSSVAWDEYPRVYERQLEAKHDYDPGDIRIPLAAHGGGMGYGRVESFWNGVDWKLPTEDRIHFNREVVAFNVRSASQGIEIPFFFQGESRREAVTSAFLMMMMFTVFGFKSYHGKAAKIDFDARIDPRLGYFEGQR,19.10917181889762,denovo_5
ALPNFIFPKNFYYAKIWMNEILSGLTVVVLIDFGLLGNISSKTGFWLLLAHVIILIVILETLLKQRWKWGWISKYHHLLAFLLCFIISLLVVAIAMHLWSR,15.695165727076352,denovo_6
DKGSLAGFMSSFLLFGWQIRRVGTPMTGLYLYPAAFLFEIAYTVGVVILHRQGEQLFHRLRDRRRN,15.27376656293643,denovo_7
AQTFYAKVNNIKFFTKAIFFPLVTSQVYYKNINTPEYRLPPFAINEDEAQLLEDTSLDLAGDLIAALDIEMLFFAFAKGDHDLVKSPYMSPIQPANYIWKVAHTCAMTSTVKAYKDTSNLNFIKHTDRYVKS,19.653407588290023,denovo_8
LHKKNKLVYSSEERIFFIIKSVMYFLSRHSLRVVDRQGLNGLGASSPGTIDIDPTSSVCLRILLVEEDLTKNCHAVIELRNLELDMDKEKTAENVMSSTDGHFVFLIPVVAAAILITATTLIMLLADNIFQSWFQVHKQLFTWR,17.177407573350514,denovo_9
SAALMKGIIVVLIDIGYFIYGGNTGILQFGEESDEKRWVGVAHKPCREQRLRKPNRYLRVPWLKPDVGHHAGTYGCMAFCTGAMCNFWFCSKGYIPGTYQHLLTRGVPLNL,20.07579822470302,denovo_10
EIIYRDNILVIDPFTDEIDTGSGDKVATQRLRDSYQASESLGQKVFEVFTMCFLVLAEVFNGQVLFDISTPPDERYMDAIKAGIHKFAAGCPASFCTLNSYSGDIPNIYVLASITNNNPLLDQYRHVFFFASYNLMKAGEGEGDILTRCGYIGNCYVICLVKTYTPPSDAWEEKATEWKYKRFKVCVRAAIVPATCSPLYRDHAAIGVFQMEIPEKDKIKNSDYDCRDQQYSGQNGPYLVSIIPNRG,19.682146168403445,denovo_11
KTKFVKDSIRATKEANASIASTEFFEISGNEMPIAALHDSLTLYARNRKIDRYVSNIILGPDESAELFIAINGDPGNPARDDIEMYFKTLEVETGELYSESLLDHIDNYFKRASLRAADKMEAHIKDVNQELSDQAFNILFPFQYFRRPTTDGWHDVVDLKKVNFLSDGIVWQIVGVRIRRMHINLGDVIYEDGLLQMIPPKFVALTLIVLVIFLTYRFLKRVTAKKKAEQVVYTEKSQHI,16.582566254891436,denovo_12
SASCLNVFMLVACVALGGLSPKMEFGCMDVGRSFGYMDPRGVFVVASVGNKGHQLGLIWGCRIEIMPNDITVWFGFSRYLSVRHDADDSALTAFSKIASRNLIWILAGGACGMGPGMDVYQMETVHQFEIPWSESIQSWVGLSL,19.57348223913419,denovo_13
NALFWYNPSQRPLNDNTNQQSYVWYNGLANIPIRRSVPNQQVIYAEIEERANIRVQKLSVNDMYINLQKDYRDSDTGHFANDKKFYYQKNIYNWLGANVEEKVARARKTKWDANFQKGNDGISLNTNFRNREYKQWLANPGVRLPRNADWYRENFFAVRYILNFANNPMGYFWPEATWRSVLYSMKEGVPEKAQAVIIAFKARYLDLSIHLKK,19.875415029019383,denovo_14
MALFVNKEKDGDFVMFLLIIGIGLAQIIAMQFKWRKDFAPFGGIKFEDMKGVVKSIAIIGFAIISFFFISMVYIPKALLTHTTIGLTPFDSEVQLAVNSGIYGVLLGLFAGILTTLIMKTGIMPWVVFVVGTLLIQVLKAIATLGMVYTPKR,14.64060805718224,denovo_15
LHSIDTKVRAKITQGNVITDWSYASKNYELANIIFLVDVDYLGGIKKDLNRFEIRDKPWFWEASRALLVKRKFFAFYNAPSQMLIEFLSCENHKCFCDVTYGGKWTQRENKALSERAVFLFQGAIHTMAHIKEHDLFWHYDISMPANTRAEKILGILWVFSCVNAVKEFYRVVWDIYQDQRIRPKLKKGNMPKRMFILDSKEYIFEPEGIIERQKYWTCSKDYMQIRQGCKVLVLQKKE,19.553754971307125,denovo_16
ASGSGVGWTPLDKQALTIGLVGYLRLWEIQKLFPARMRPTGGFVSPGYKTGDLRLWSEGRWLVAVDAFFRCRGFAYAYSASSHGTAYDNYWFHCWTTRVRAPTDSDFLRAVAHINFGENPFAAYNHTQSYLASYDHKVPTACRNRNPRRLH,18.80534091360836,denovo_17
LPYFPMKMYVRKTRDKAAKDSDAKKLALWACGTALFINGKLTYKVATCACIEAGMKVPIEKSPATLEGENDVLPNGHTVFDGEFKTLGKNERLPRVLCINDRKWSPEKNVRAHIILLLCIFCAACKARCVANRHKRDIDAEIYVAECDIYAGCVETCPAMIIKPDLPDAAGTAARETANDIQDDLCRFPRKVAVKREPDERTRAKAK,18.4481391384317,denovo_18
LPRERVRKYALRIFQYALGFFFGPVALHYQYRHERNTYKNKIEWGMKVSEAARDIRVEQDIFERKSPNIPTSHNW,18.71088801684552,denovo_19
VPSFIAPVPTNITIWDIVGVVAFLILLIAMPLTKANKSVNECKIVFLTFVILPKLILAMIIFGLFAGLMFAYFAEEFGKGDYKSGMIKNKFPKNFGHHTKLKTDIMEFLMGLIIYNTSVISSRIHAEIVLKEERKSIPQFIHNYTVFYLLGNGVQFTVLQNRRWTRTKRESKKISKGIDMTFIFFLALKMMQPLGISSVFLAQYCGYLAKISLETTLIEELPDTWLNTFIGWVLALIVLCYWGHKRTFIA,17.610995660196707,denovo_20
WKEWLSRFRFGQIKLSFTHSQHLIFYNGCPNNLESWTPPMKRTVITPCIQLSKEKIPVSKIIHGQSYEVNWFLSNFSFVNSYMIDWSGRSAIYHPNPIKFFSDALKEGRGQFPVATNRQENLVSKLTSSVNNCKSNVKAERGSSNAREVYGLYELQDGQITAWDCSLMLVKIFEMLICLSTKCRACTLEEKWLPYIRGGKEDIPKKMGKKVAKVLVGAPAVIVYGGLKYI,19.02169031853876,denovo_21
SIHDQIIARKGTVEITFIHTKVSDGADGNRCTEGALAMHNGELENEEQNDANTKNQLRGDALAGAEISTHANGKSAAKASRTAPVVTLTPDSQPSGQKDKKQIKLITL,18.045371371783244,denovo_22
VSNVFVGFLGRLGITHFMMLCGMMLLIAVLLMFKGWILRIQPRTFCHVRAPRYPDYVFWQIPHGVLGEQTIPGSQGRDW,18.786434442703104,denovo_23
FFFEKKTGGIFWTGICILIAMVGKGIGAKYFYYVTFTAGLLPIPFRRLGRRAGKHIWVGMIMVLILFLAVSGAAFLGGAARKGFLPTTFGVVAFAGLLYFYFKRDILDVVQLAKMASTLLFGFGGMIIYLGLNAYWLPTYGKYIFFPWGLAVLGVICGGTTIKLKKKQDETND,15.423324103680484,denovo_24
LAQLMRKAGRRQYQHDDHNWIMTFNKGWKEYIEAGITGHILANVVTGYNTGQTDHVVRAGYVRGMGGTMAYLMGLSGMAAYRVPYYGKVLKDNVVARTPSMYTGFKGLGLSKATMRVTDGNPI,17.964966646620546,denovo_25
SLMFNGLIAVFIGFVAKLAGLATVFKKGKANRGDRSFLQAGAPPVISIGHSSGLNMILAILLLTYPPGYFLPKFPFILGVDPIAGMFFGVFMGILGMIGIPVFVAILGILAGGLTARAMQGRRGIPLAVITELTGIISAGLVLKVMINILVYFGLFFMLHPVGFVIAPIVRETVYFAMVVAVFGGIAVMTGAVMMTIWITPTSLPRSIAYIPSVVSLGFAGDSFGVTVLLCASMAVASFILIVMMKVF,14.126104357221353,denovo_26
VQFRNLGLMNTQAAMIGLGIAMIAAVALANYVIYGNIQGHIISVPAMAFSKAPL,16.7689588400314,denovo_27
NDFKIRFGRFLTLAPLLFVIIINGLLSTLAFLTIGVLFTAVSTSRIVGGSQNKTFIGMNQDQKNILLWALFTIFFFHLTQPAIAQNKNTMDYTLVRMKTLVNILTWFLLLISGAYGKIGFFIASSLDAKDTSEYHTGLALNLTTGGEEFLKSSFPALLIILESLHDGVSKFYLGCKDVDKKMKKKRRKKIIFN,16.850436541185687,denovo_28
YHNFRTPNGQEIYHVGVIFNKESGLNLLIVILRQRIRNIDVSLVSTYQVKINTYNAFGKHSKMNWATDFPMFLHYNAVKSATLSLTSYQEYELFLQKKGVPLYGKLHYDDVNIEMMYALLDEVYVNGDYYRSRPGIVSVFICHGVSDPTGYEVAQRSI,19.9700411720576,denovo_29
YGATVARKPYQCLGDVDVMRPRWPPIALACSGRENCLVLLVFLRDHSRPLFLAAGKYHPAYCDQIGASDFYRGGNRDEKGDIKSMSLKRYDCCDYLPLPKARVDHIALNRALEAVT,19.073387765490818,denovo_30
FHPAFVLGVVLATALLAWALLGVLPPDEVLLSGRADWVSAPGVGVLGRGVGLLYDRNLRSWLADANLSITGTVVIPLAFAGLFGSTPYARYPAWLLGLSMVPTVYAAGLAQFLSASLAFGRVDPAVYTLLYAVLLPQCLGQFFAAAPQPLLAYYLPRHFL,14.321231981132607,denovo_31
QGIDSRPSNPISIVFSSKVIVGNHFGIFWNDALIFLMIFTSVRFRRYLMHSYEAYMAFTGNGSLLA,18.151712129133735,denovo_32
DLTIERFILLALLAITIGILQTLEIFTLPVLPLIHVMQILGSMIVITRVPLGFIDIVESLPRTVPEASWLAVMIAILICQASGLLATLNRMGTGFNFISEAIQLTLVLSSVLLCYLMMLYTARGLQNVTRGTKPAEIEGAVIPSLALRVLVISSIIYSCLPVVTSGASVFALIWWCLVMGEFLTALASINVTTLTGVLLITGANVASLQIVQMISILGLVVVLLQLIVGLLGMLRYLVLIISRE,14.759885366667287,denovo_33
LLLLSYKFAGEKAQLLACFELILALTSVFAIPKPKYGLALCLVDLLFTFAVLMILGSLLFYDRVQDDEMKIHVYCIHSASYFGPFEWIRAFVNGKIRLLRTTAGALTKMGWFETLTRHSISAYLDVKVQHGLAEGRYLGCLQGLFPEKWMNYREKRDGASFGSLNVLVGLIFIGLLLCVFPLALALGVPLEVVTGNSMALKNPLVCDLFSPDP,17.250589071768715,denovo_34
KKGQKLMLGAWRLMTTFFVIVAIKFIFAFGKTNSASQKWKFSNGVITARHEAVPNWAYPLNYPLVISIWVAAVIALPDSQIGIVQSKNTIFFDIALGLAYGAAGSVGITAWQIFRVGLVIVSIIATGLMLFYKSGLHKLSSNIKYTIK,17.671373050438934,denovo_35
VEHDIFTDRIYNVSFMGPDFIEWTNPEKICESWIVRTVNVRVGETRSIRIIYFETCSPIHAAQSSRLFAGFDSINSVEVPTHYWEQREKSHVISSSGTAKLLVVTNIGQVVLHVQITVVEHFVEAQGAGKGKLEIESPVKGQTFGVDGTMNGWEAFSDPYTYERIVETVNALHIYSDSFAPAASDIHSLREAEKRDVMVKLTDVNVV,18.920838496218668,denovo_36
DDFGIVDLALYGTMAGGVQTKVLAELAQKQRLGQATAKLHLVGTTQFDIEIYIDTEANARFPKLKLSDDQVILLPEDVNYHFGAVFDEMRTIDTLESTGKNLYPTLAADLKQADREKIIDPIKQKVPQIFKQKA,16.531963560229897,denovo_37
SLPINGYKEGFDKSDEMFLSFGGIVLGWVKDWFKQKRDKTYMIAPGDNVLAAELAVDNFDNTLSKIPYFDNEGMAFILQIGAAYRFLGYPTPPLRPRIQKMKIVTAAAAFFFGNTFTWGNAEYGRYVPIRKADSIVLEIDGAYDVLKNIAGKFYLHILV,18.73665836347504,denovo_38
MPKFVGVLAAVLTGLILAFGLQHRLTIEEIAGVYGTWWILGVIIVGSVLALGLGFANKETNDYIIQGLWMYLLANIALGLVTWIVSYHRKFVKRDDLSPALGKLGIPDVWGWIVQFVLGLCLA,14.268123672158604,denovo_39
EVIDLLGSVSGMVLDRYHGLSYAFSVFEAWRSGYGSADWVSSFSPENRDTVLLTEPMLLAYLAILVASHYYQTDKNYYEEHNRHYMHRFTLVLNWVLYYPHYATFHFFTTTVLPKRFGGWLKEFAKKAKIHVLKVVLMFVVNVFNAQWIFGLLFNLAFYWIKGLTFGDWWLSGYQFTRYHFAQAIGFANYLTLHSFFSLTLWQVLYQVTEVLSPVYIGYMVRDIYNPTLVMLYEQFNT,17.735397682512808,denovo_40
TIISIISFIVLLVHLFWFGFAGLGFITINPLANQKYFHFPVGLLSSYIPIIAIWSLFVIGLSTVAALCYFPASFNSIFELPPSMRVKRTRFMSYEPVMTVACVIGAFVGLLFLLFAVAQWSELQRYALENLLGVPAFNHIFLEVLIVLFIPAPLIPGQVDFKITSLIFKTTRTFVGVFILLSLIGGILNQVKDWQPMESRYVIPLSIIFFIILTVLVNLMSYDALLVQVGQLYPFVKLYNF,15.600242626805349,denovo_41
DAFEPRGIWMAPMCYYASDEMCKHNVELVVNSGYCSYPHFVFECVIGVCERSAPQMGRLRRVIDDRPR,21.676365616930777,denovo_42
EGPVNDYVLLIMYCVYLFFYNLYSYDLRVDHNVRFERCRLAKIPIKAWWIQDTEVTLIASASYAGVFVLCCATLTNRIDKDVIKSNSLESYMYVRTVEVKKLYIESLGNRYDTQALEEIETKKFTGIDIFFIGLRAIKIELIGLRLKIEGGSRIKLRAYQSFIYWIHDWSFFNPISWGEFGRIKIRSGSSNILSTNTYFLYQIFKIRADDTKKVTSLNPSIFYQLVDTLVIFILFGLHGMYSSNAFGRV,18.82633729847816,denovo_43
KLVIMIHKNEMFYFVVEHIGELLNPFEGELPVNWWVVFNPGLVFLKDPGTHVLACRGIWGRFKVLHIHFFILAFTLLISGCYWAADMYLAVELGLRLTNENMFALLIAGTVFALFMKNVDRSFFKVVG,18.41974005973763,denovo_44
NYSAGHLVSATDEWHFWISQMTHFHLLHICFQNRYHGSGKRNIAWHVWHPGPGDKGFKAPTYIETERLANNATIRLKAWFSGQEVYGKPMEMTKIGYGLVPYGTTGVDEAMLNNARYIINIQAGVVSIYPEKALKSLDKRYLPLLKH,18.97400387821705,denovo_45
LYYCVPFIWDFATEFWIPVLAWMFLIIWMMWHHWRAGTCKLPIAARISNYIDYKIFVFAVILSYMIQAVSTIPGDQHCLVSTKFLKDRSIIISFCDAALYLVVVWTIFSGVAINIYYQALKWFLGALDRRYCREIWTELYAPLHHFYFKLVNFVLLACFLVVACELCKETEGLWWPVFVAYVHGIMRSIEVRVIDEVNARYIEEIYYRSRYDGVQDSLVYVWSFYLGYAGISYLIRRKIISLLEG,17.896756291412395,denovo_46
PETLEFVGPSTALSRVVATGKVLVTADRLAKWVLINTPGYGSGDFRTVHEIIIYARDKAPILNGTGRKIADIGDQMGWIKGAGFDVYFSPWKGQPQFIPLTLQPVSEYGVEFFGYSLYYDVMLTNPADSPRILEFEKAHVIG,17.570397420010416,denovo_47
AYPGMNTKDVPYTPRWDDDLEKADVPDRFTDEDVKDRDYKLFHGMRRSEPYDEYSNMEEAPVYLGRIYWAFVKFYLNEAYDNGATRLAVLQGLGELGAYTWYDPSAYKATESTIDEGVDVKDKTEG,18.90125801926968,denovo_48
VDEPETIWNEVKTLFTLMVPFDFSIGVVGAALGVNYAFTASMSGLVETLSKKQELRLGLLFDVLPAIFGVLAVMSSAGIR,16.03798772290101,denovo_49
AANNFNLYRFAITHTADASGSQKPPGVELYPYWTLIDFMTEWPDHDPTFSAAFWQAEIAGPDIDLDMGCKVNASGVARSYALKTVNLEITTKPLMRLAYFEYVPFDGVTVGAEGSRAAAIRNGGNTNYRQEQFQAMPAESHDNIGIYSCEICDACVKACRQFWNNIEFFQGPAGVTQAERFGHFLRPLKSHVTPDRPSYAFGHDLSNRIGYVITACPDFFPLFAGVAQAVTIKVRTVDELGLQDG,20.25250538419032,denovo_50
IEVVEVQWAHTGTPFACAAPLLTALVIYQKNHHQQFASPMTSSKAPGIARAAFTQYCLIGLITAVLHAKDGVHSQYFHHH,19.10523051623297,denovo_51
SYDKAFLISRAIIAGDILVEGFTPKSNYNVYWIDGKKAAYRSSTGGTVKLNLEADFFVGRFGYTTRDMGPELRDPLDYYFNIMAGNQRRPLSLDVYSHTNKFQVGTGEVERFTATWLDLAAFVVVIDMFSTRQAVRIGIG,18.772193962874645,denovo_52
SVFNKSTISSLALLLFILVACACVIALVKVGIGLPFGKVFSLNYTADRLLFNRLIVRPGDAIENAFLFLSTLSQIIYGNADMFRRLYRLGKKLLKYKYADLIVSVSGGDARRVFDDVHNAEFVNQINNTTVDILDTNLIAEGDTMMIEKEAVVDDESIYKKDRNWNDEIAELLKYNGIQKKARGIGVFAVADALNKII,16.566162930490208,denovo_53
IPGWTKYFQDLLPEFYPAGLSPASPNLDEMVSALPVGKILQMWKESANNTTLVLLVTFIFFFGPQVHGLLFRDVRYDLSEEIVAGIFHDTRTFDDRMFFFAGCANIGTPAGKIHAHGPPAIN,18.53578901155363,denovo_54
QQVELIVDVPRIARGLWKIGQCSLIGMLFFATNNMYWEYDPEGEFRVIRPNSLELNVTAFVIRNCKIFNHFVPNGYDIDCKVSDKPYIYRRLLLDTGSWISIILPREDVWECNSTLCGYPFGFEQYTGLEETLDEYYNEKPWTLTMKVQKAALWTLEEEALAYLSHPEDMQYTISEVMEMRETFSSEEGPL,19.64951406768892,denovo_55
GFLLPAANRYRNFHFPYRCPVLTGESDEFQFPIINGNFDSDKISVVIENAKTPSAALCWERWLAQLAKIYREEKWVLQDGYAELTWSLGTCSYNTNQSVMTPRVLGPANAEFVYNYAVGDAFDDVGETLSEPNLRSRGLFDANFETQEKRKYIKECCGDCKSSGFWVRTDYCSIFPENKNWVAATHSVMKEIEVASDNNRIKLKCNVYQCFFPFHCDDKVTPENPEFRNCDECLNCINWIGRII,19.56097839204995,denovo_56
MAGVVEVTFGVFALILMIPLIAYLGGKEKIGILRILVESEVEVDRDGIFRLKALINFPHVFYIIVLIIEPFGLSPLPWIDVFATKRYVIWLFPIWIIVFEVIIIIYKETGFQTGEVL,15.6599344136198,denovo_57
GDHVNAYGARRNWGPMFSPYFFEWFIPNAASWAAAVMYGPWLISAVDMLGVVMVAHWAVGVHHIVYSTVRRSAF,19.218111994428103,denovo_58
LKREILFGFVGLALILGLVVGPLRYLVAKAIEHAVGLSGMIYNGRMIVENALAYFEPIHAGGIRSYLRNPEPVIKNWLIKGEWANKAQLDLDLFFGNKRFYFSSYEATYGIWAPELTEVQKKAREYLNKRGVSLLINLNPNSFDVEQVATLTYSKVNEGRRESIAALGSKLSEV,15.491556592539377,denovo_59
VRTILFVLPMLFLALVKEWWSWAVIGGSVMPLLGVPLGTSQLSSWLSELQEQERINEKATDQSIIEGGRQQPEFALFWIGRQRTIPNDEQVNLAVNTTWPSSATVDASTDPAAYVGVVVEYVESERDQSKILEQCFAQLPFPWDPVSTKGLISPRHQYFALFDNERPGFMIGALISPKVVGLPDKQLKTGPIDLRVYEELVKANFIALLAGYREKLFELYDGSASSFIARAYDGIAVIQKE,17.57662212527872,denovo_60
VVFCSYYAAEHYLMDAVPDIRIQPTRQKEVKFYKNPSTIKQEKGTNCTRTGASDEFMMSILVAKTSAHNGWLLPLPSFAAVTDESLTRCGAERLLLIFDKYDWRAKYFFYVFFSRCFKPAKPYKFKGLVRAKLR,19.6759496732384,denovo_61
DRLILFAFALLIVLVLAFLSVSGAAQPSFPVAWAYDPLEATAFLFIWTLFLQVLSCLAMLTSVADTSAAHSLVLNGYTVDVVTNWYHYIPIDIIMTIELARLMSLISLQAGSAAFAALLDIVVCAQHILEMQPWSGEPGLPSIGDPLITFFMPVYNFTQMNVCFIVTGTLLLALLFFAVGLVGGLLITTAIGRVKGDVMTSFSSAFVYAMFTLIMMGFAIGLSITGTVGLIPLIIGFRMSRYLAGPQDKR,16.622517080904846,denovo_62
AGGAFASTVKCCTSGAVVIFGALTWCSLHFNSSNYHYPDVIITTKLALFCSPILVWPRAAIRPAMEVKK,18.47188654426314,denovo_63
PFSCVKPGTYSLSKCIVLTGFSISYFLENKIAPAILVGLTPVQKGTIHYIDIINGSDVCTGLGEDGLKSASLAYDDRLIYVESPLHIDKSFQYKLCIGAAIINIALLADCITESDMGYQVLISHLSMVIETDPKNGFSLKFLMKKRSVKLMNECTEQITIKSYEKKK,18.506544374197063,denovo_64
YDIFIVTGDLMDKVDIAHSAKFKAVEQKDRKMPWSLTFNRYVYVKQNIDVKLKGDLAFAWNVGVSKITDNGTFLAAGPTVATFDINPDPRKGELKGIDNTGTQGLGGFNVQAMLDTLSAGARYGVTSIRDLFNPNGISLVAKWLWDIGGQLKWKLNWEIRLPSIEKTYMESYTKGFIGSFKDVAPMQKAVPAFKGVTGII,17.68060755983369,denovo_65
YCLFCDFKLEQNVKLLKHLSDLLWGAATVLFLVLYTVVYRKTGKTPVPNDVLTPQAVIPPFSTQYIWNGTVLWTVSVAIAGGGVPLIVLASGKTLKFWEFLSMLLLLATVPQVLSLPFGVQLLFDQFTTPIALGLGRDVVAATYGMLIIGLIAMIGFEVWRAFK,15.522785100476304,denovo_66
MFENIYEEKAAFGKESFFGETFFPRYLTKLKDINPVAFEAVTLSRYLRWFIRRYPGFKKGSPFIGLGWEGAIFLYSLLGIFLALASYVFGIALVIWSETMR,15.538236024192738,denovo_67
ESEFRVHRASRLIDWIAFVIYLLQFLYVIVHIPAKDSSGKKGEFSLKLAVGVILFVLFASYCNGRWQIFSFVQRIYGDASLRFFQVNDIFDFLQVLFLIFHQPTPATVDQALEYLLPEIIPPLGGSYKHYLEIYDDEVIIGLALMLSIFIFPEDIQIIVEDQRPLYRPREAALLQNVFGFLHFTIAAALLAGYGLMPKGPAYAIYIFSPSIYGLLLGIIGLAHYIT,16.34328008864778,denovo_68
ITPQKSKKNFFYIKEKVQGKVENNLNTFVKPQLAAASWLNPQKAEILKMTLGKYEWRKRLDTYQTPSREKPLVQAYIDRKKDSYTQEYELFRGWFDTINVLSKAYVNFYIFVNTYVSAVNLLFEPFFKYT,18.272245808212908,denovo_69
ATLLRRLYSLRLRRTSTFALTIVLGALFFERAFDQGATQIFEHINEGKLWKHIKHKYA,3.0889785165783907,denovo_70
AHPYFSVLGATLPLLTLLAVITGAMYGMLSLSGVWGSLAPNEIQDRIIAGCGRFVFLAGKGYNYGMERGDVPLTLMMLWSQAQRLAGLIVLGIFAAMILVVRGFTGSAGATRAAADAIFLHNALFGYDYGVTALAHNFHNAGQFLPNLWGLIGGVWEITGTSSAVLALASVLAVLMAALAFFLAILIAGIGGFVRTLAMPWAPTKVYPYVSNRG,15.700443815936431,denovo_71
KVETYKSVEKIFEMIDHPGGQLFLSSSKEEEISTNKKVAPFTRKGRVFLGGNCFIYKHLNTFYKFDVFFKEKYGAVFYDLDPIDLSSLLPHYVVFITIVAVSMIGGFKS,18.244046733237603,denovo_72
VVAGILSALVAGYFTVITSKDSVEKNLEAMNGAKLYNMGVTLYFQGVYDEIKSGEPKTLFHQFEIDAE,13.994274677304984,denovo_73
DFIGSSTNIIFVTSTSLMLFAGRFGLTPSRNKAAEGKKSLVAREPGLITGLPAGFTAIDTVATGILGNIIGVGIVLGIQAAGK,14.304323256987514,denovo_74
ALVKGQVGALYRPVDEKIGAAEPVVDGVDDARGEGLVDRFVPTAFAIVQNGDGAGLHVPDLNIRTWFLVHLAVVAIIAVFAAVLTAIAGKNGKSGSVLR,14.340153862061722,denovo_75
FCNLSVYDVFLKTFMSQFRDEEREEWQMPVERHPQACTGKFPRGLRNVRIPIRNDNAFLRMVLLMLLSAVIVLLTFWYF,17.818123834425254,denovo_76
GGILAFLCTIGLCTLGAFIGRLFNELHYDGMWTALTWIFLVMLITLRSIPFSFFSLLLDELIPSFIIGVI,15.023613431022234,denovo_77
HPDWQFFAPRSILVLLIIGLLLGSVLVHIVILGCPNINGLDPRIVGQWGQGS,18.382529896172063,denovo_78
QLELQHILEPHGSEPFIGREVYDGHHKIYDHHYIGFGVIKFSSFYDLLLRRQANDMYRLERDWVNAHTDRLIRRDYAMTFMGSVSENGLDGLTPWKKNEQVEVDNQFAWDYSARDSGRICWMSSMEP,20.04408614009041,denovo_79
LRPTLVQDGRRFIRSCRKDTVKVLKKPAWIGIGLGLALVVFQGLREVAIETFEQVNVNLL,15.105721383143512,denovo_80
SPVFDVTSDQSNANANFRTFLYKYVMMYLSQIGVIKYRYYARKLDDDEKYKAYHDVIIENKAKGAFCSLEQDNQVKSFPILKNPVWWYW,19.800358204356204,denovo_81
SFGFLIEWAPQTAIEINPEMDGGLALGLVCLAAASPAPCLGLRSKLPGYSRDRLAIAFIVLAIVAVVGWIGVSVDLPLWMGPYILCFFALVAVAIFSLAGRNRY,15.229684947906996,denovo_82
NLRQTFPWFYIFLTAMLGVALLGAIPAPGFILYAVLALVAILEAMRVIRPHRRRFTHFVSMLIILLLVLSSAYYVFADNPEEINGAHLPDGAVSMGVATLSGGAVMAVVAHDAVTAMLIEPMWNLDGLASGHRGALTAYLIFESFVAVLLGSNAWGLALGGTALTVATGTAVFHQWGMNLLWNKPPPNRGPIP,15.643779895504291,denovo_83
STRKMHSSVGTCVAGFLALVLIPQAYATTGADTGVKTSLKKIPERSQGDGGLADWVNIADRTIAAYIYSFFEAVVSDLDPWPFSVKALFDSEDLDNAPQVEIRRDIFQGNRNMEYNRHWDASPACLAGNGLWGLNPVNIQGLRPALDVTSKMVAILKPPWTPTRKPHDRRV,19.245968315345788,denovo_84
EIPGKNGYYFKIGSIEANGKSYIKYNRTNEATKPSTKKGFYTENFIYDNEIVFSPGAWAFISITNKQDTEEINLFAQFYGSPKQSYKNNNNANENHHTRADRRFNPNPEMIRTQSPDISLEKESYAKVEPTKNLGCTFYNLPKNTEKLTVCPDCWRKDTCTLIIPGDIECMIETNRPSWEALRRGERDEKRRELYTRIRPAPYVPKGKGYLERQSYYLYRRERDVRIAPCNIKRTDN,18.56903979090891,denovo_85
IKVKDVEIYEREKAEIHSFIINNGSGMVIKREKLKSEGSPTLYIEIVDMSTVYNHTNAAKWLDFDLGLVARTYEIAKEKLLMAAASFEVL,17.23139986907718,denovo_86
TSRSALFWPSTTVWPVAAVLFYVIDTIFFHQPRFIDFNPLDMLPNRFFEYFQNVFLCLGYLQLQRPIRWRDRVDMVKQEQLDFAFKQQLYAAPEEMELAILASPELRDFCRAAPWLLFLQLTAVSDLPIHRAPFKYYH,18.12887919652524,denovo_87
IRPIQVHPQISQPEFCFATYGPLITVIPEELFKERVDNIFPEDCIAISAEKQSTISGFCAVKYIVAKEGDPAAVAGYTLLIGSEAPVDDINKYFSGVHPIPFTNAPVHALVVGFAKVVCKQLWKNAEEKYRSWIYRPTLFVGVKILAVLMAMAFGVPPLAYLKIGPSRFHLFASGAQAPWWLFDYSGLPDDILSFPLANAEATLIAITFAYFGTIVAFAYNRFMRRAVMSK,17.732616943645976,denovo_88
RFTPRMWYGFLTVVCFTLLIGPYGKIIILGEGVGVDVLELHNTLWGKRGFFPYRRYISDRWTFLFELFDGGVFYYFVKAYFLQLNLSVASRYFFFLIYSILYSLPVRDWFQYLIVWVVVAEFAGFLVLCVGVSIWKKTRG,17.85517999638491,denovo_89
TDEVIHYLRAGGISIQKEHVEKKIFTGQKAKKYRGYQKPLTSVVVYNWKIETYIFAMKHFPGESRVQCFVRGIPFVAPGNKVGTYVLEAVVLVGFLFNYVFHNPRFIRDKIKQIAEVVKK,17.736355439721574,denovo_90
TISEKMVLKNDIHNLEKNAGGVGAGIGIGLLLCGATEEGRTSVIQREAADRRRYRIRGQWNIDHPILEYLLQIAVIIGRVITYGREGTMDGLSLVE,17.331228529962413,denovo_91
AELNKNKGARLEFAVLALGRVLALIFGLFPDLSLELQLRGQRGIPARNQLNDNRLAGFVSPLAAVTFLLIESFIGYYLFNLDGGNDSPAQSFWLDAKGA,16.88236202675203,denovo_92
PSKTLITKSFVKRRAKKLLSSVSATDELWLIEAARKLPWEAILYRPPQERARRMSNYQNGGSDFQLNVYGDPWISSKYLTDSDAPEIFKDIFGIVPVLTISFWVYCLGWGKDDIFNGNYLFYERTGFKHFFVTHWPKNNTANIKSIWHNIETGNFEVIKVPITEGPYKVQ,17.696740776488816,denovo_93
GLFGDIGHGKGDRTVPVASYYGRIVGFEMPGEQHDIVIHPKVRWRKDIRGSVYERTIPDVHVAGMVLFATPMGFATVYGYGKKDQKKTKIRRAHAETVVDAGVKGER,18.624135927413956,denovo_94
YGPIKRRHPLIWKLLINIGALVVLLLVLQTIFTSLQESFPTSNTSYFSFQDTILDFFAGLPLLLQICNTNAIFCCCPTRTLKYRGLNQVSMNCIAYGVGFYLRFLSVRGVKHISRKTFEQSFEKIYCDTYQGLNCTSAKRTSEWLEFNRLFNGRGLRMILCKHMPKAYEQVKLFNNEFLIREWDKAKSQELFKRNLEFETKDIFLRLRDAQSNCTILLFPCFIVAIMICL,18.10266374832788,denovo_95
SDSKATDIVLAYGKGVFPVYTLVAILGANFGAIRKNYQTNDRFGVARRLEAGIHIGGGPYSVLMTLGVSVVLLVILATILAGLFAVFVPYLFNLISGGHYFSGYNTYTVKSYYATDWLAQDLGLQLPLYFAYVIAGKFTYVKNVKMLMKALGLACGLS,16.46770645611904,denovo_96
YKAFAFLHYQGVGNEAGSKSNLSIIRVINAPRPLVLKDQSDKEKIRNFENKWVLEGLVPFEHILETERDISLAVSHRADQESHNPLRLANIYVMNVTETTHDKVARVIADTVELTDYKGEPNVTAEEKIKVLRWHNNLVAFGRDAGQNNISVIFDDIISMQNKAQAISNFGKRGRENWEDALKLYWINLERVCSINKMDQLGEAYIARSGGDITPNFTKKYLTGPLVLAAPERDVPPPLD,17.991888974521167,denovo_97
VKDKPQAVIGNAADYVNPIVATGDKGAYEQAQNSLGASSAQISEIARQLANMREQIAVWQDNNENYIRKVTQQKKIRQEKAGQELAMAQIINDQDNALTQFMLAGFALKPGADINVSVTYFGLGQGKPGDVVATAPRVLLHGWPNDGTEILTATGYRRNAGVIMAANAQGANGETVITLVTTHDIVIKIDKFKPMNPEKTGVAVY,16.395752087187354,denovo_98
MTIARPISAPFIGSGFFLALWLWMIFSYVIKWKRDDILRLALRQTALLLQIGNQRVGNLAYEIYRDSIIAMNNASLGTDLFAELLYQPLLLSQANQAVLNWFPSGFLLFTFAATPFTWSVYSFKWLDGKFARQLHLYGFEALASLLAAFSIIFTIEGVPVEGADEPIGRYVASRILILAAFKMYSLGAALKLAARAHFITGPSLNVLMMTLSAALLVVAKFSLPPGVL,15.936344035688409,denovo_99
VQDREVAFNKGELHIIVSVNYHEEQLWFSWKYFGQRSFGLLPRDLRRSATFRNVVKMLFDDAYCFGMREWQDQAHKITYNIPIMSQAYDFESNWIRVRTHPSMRYGVYYISALYLDRYDINRDIYEVSIFVEKPQAFKSSNDQWREQELELEEGLRWYYKQGKKWYV,20.17679738984341,denovo_100
FFNTIIPFFALGLLPIDSHIIFSVLYFFLFYIGYYLSNLMYRLTPSGVILANPVLVPLYAFLMFLSQQLFDIQYQILLSRYKLYILFSTVVLMLIPFFVHHLTAETTFSVRMLYSAIIKRFIFITSHHKLSLSDFILHFAGLLVVFAFQLPLHVFHHAFKNVATICTSIVHWCDFKTTADQFCFSVLSTMSILFMPEFFGTFLILSLPLALVFSWYGFIGLSAFITSLILHKYNVFLV,15.342640471883524,denovo_101
MTCAFLTQNFYFGSSHRADLLCLSDSLSLTDRKVLYWVDPIDLSLSSDLSARCANWTLCPVAANLVCWPTDLYLQDLCANQMEALQFNAICVLKNGNLYAKWMGLLTGMKEWMMCPKLALRAHTPYDPGASILAKTFFVPAMWFLAIPFLTFLPVVSVSPYLLFCGFFQVVIGWLSPEEDEHFCFTASLCIVIVFLIFNAIIIPFTYVVNSLYLSGLVRAGMLRRWFK,17.307269139006582,denovo_102
ETERGKLPNPSMKYQGSRAAPLMISALIVAVMVSLPNVVQVGLSITPRVVAPTITSLLLFALPGRSLVGMNASYFALQQGLDTTDA,16.273444185966436,denovo_103
VSYGVHYEPKECWTGLEELEQANPERARGSANVCEMTGFSIILTRLRLAYLVFGCLFFTLAILGLVLFHAGIPPLFQTWFREEACQQSWSAMYCLKTAARQLLAGNEKKENFLKQRYCYYFNWAHRVVLSSAVRQANLNRNVNGPWSPELTHGCEDPEDRKWEPVR,18.413094948621197,denovo_104
PFLPIVEEAIYIVPFFAVLALLAKGVRKALNVTKHFRDGEELYPSATNLCTLTFTFADAIAFFINLGANILMVTFLYQPGNDTFLFALIVQEQLNEGTKKSVFAIEDANAKNDALTKKALGLMLLGGINLTVAVGISPILFGIFDVTYAPVYGDFADGAGTAMSVNSVLMLLPEGVIFFMIGASIVSPFSLNIKRIKKIQEKKMIETYEK,16.367783746455228,denovo_105
VMFLVFTLASIVAAFILFAGIEKEATGSHLIWPVTVVSLAFLVELYYYGLAYFGVSVTVIAIATMLAASYPISHEAHISILTSLELLVRLKDNRGVGPISVIALPLLLFVLSIIAALTGATGAEIIAIQAPNQNFSKEYNGAIRKYIKYYTNLNVAIGFVVATYMWAYLPVISSAASECLGITLLIWVGAPFVHLGIFPMVALAGTPYGYYKGYVSFIGEVYGYSFLLIFAALAIFIGGPAFFKLFSKIN,15.8751205135836,denovo_106
SWRFPTHFKVKAMINHDRVEAYYRQLHSFYGSANPVIPSIVTSACEAGISHCHCLSIAHGRISCSLIANIDDCSKFTKLDHGFAYGMTCWVMGDTAFHKLEIGKRYYFPDPEKIKDDDFKWKSLRPWDYYSHQDDNNTRYPRFHIVHGVKLTFVNKQ,19.40648728348606,denovo_107
YLSGSDIAPSMKAAGGLFLDNITGNWAIPARIGIGNLGTSGYVGTEKSDSKATILSKQNSIGFNAADVIGWGALGHILCYYIPLGSTQNPFNGIR,16.940798691135114,denovo_108
LTRTDRIRRAKNLQVMLETSLKSFKVLVAARVNLIFASKETDVIEIARTKYRWLLHWEETPKPHRRMRRAPLAGDFWDDTIFAASAIGYEQTVWFNPERERFEGDSLIYDDIQAQYYAMQLQRRLIAFLPVA,18.79032023751024,denovo_109
YSITFYSDRSIQYNITFLSIVFLATVYACYLKTNNVKPFISLKGPLPVVTLIFFGIFCEFVGMFVISMNYYQHYKYYIHWQGGKFFSSWYNIFTGAWVAWNVNLSNKPLMEYAEFWNRHCAIFTLELTFKHRDMLLAYYSSGARTLYKFGEIWMDQIQLYGGPTWWRLGSDLLLILGIFFAHYCVAFVLFGLSFVVVSLYIYSFRAYIPHRIFQNE,18.2644414858797,denovo_110
FTMTFSWCMQLMFCDGFKSRDCKFDNRGFQELIGRGTITEAVKFEGSHILFVKLAMQTPWAKLNRVWYALKDSIHQIWGIIAGQKRCIFWEIMDELYIIMDSTPRKLFCFASLTCYYFYSTKGLTLHACSEPRFYAL,20.97165974918519,denovo_111
LLASVDVFNPDDYDFELLDLVISHKTSSSYYFMLSCTSDFDTVYPVKTDASMPWVAPAQRLEDYEEHPARKHYMRTSKAIFHRYFWTLYDDLKFKYSRFPWDNDLNPMVMTLLNDEKNNLVDKMWKFINYFFLRPEGDLFDYVMLKLDVKTLIIPFVYRFEKGMGSLPIDQVWDFQRKWNDYYFSHYVAPEKQPGKVLSIASFWNK,18.361053162860813,denovo_112
YTAGASRQAEINLDVPLIDVPLFNALPFAWGLALERFGDSEYYLQRGVLLVDLSRLRVDVTTHEVRELLAQELNGRKKVVVDALIAQLLYAGNRIDIRKGPDQWADASLYDLGAMALLPVEMLGPNVSKWTCGKEYGPKGLEPLEVARCGYVTLDTTTQVARCLGHNLGLKHVVETVAWRQPS,17.317788172598203,denovo_113
DSPRNWELVLWVIFGVMLIFLWCCMHVSGLMQINSIADVAAEKGENALVHSVQIMLGFIVFLVIALMGIASVLLDNANQVYGRGFILGIGGYSTGMILIGVMDASTLYSQETSSGASVQAWESYIYYS,17.290946935005522,denovo_114
LLYERRHMVWAVVWVTFLMWCTALYMCPRYPRFKYFGSIYDQLPPSSGSDHNDSRAWIFCNRELVQYFRFSLDSDWDLDLFANYINHIYELLKTERLNESTVLFWTKMLMHTDREPRMFVVALLNIDVTPLLAHAVTHIRENDTVTSRSVLHALYFYIVFGTSNIKKTDLQGDKDVVVVAKYHMFTKRYRYSDQERAYFFADSIYGHTGMNTDIFDVAMVKFQSDGQFSEARWTQKFE,19.38092738223264,denovo_115
ADTIAICAVFGVVAMFATLTEAIHNKVQLQPSDIFTVLCDLIHEDRVRQMRLAPFANEKSPVDLIVRMDATGTFDLPALDYLMGKIGSSDRRQDLSVRIRRKMGKGVVTGHAF,17.82209265127377,denovo_116
EIKMIINPESVKQNKLYAVIFIPAIVGIILCGLFYGAIPNTYRRNKINKFLIVFILAFLISYIYQSIIDRYKELKTPNSRDVWVRV,15.027808440451924,denovo_117
MTMNIHMPTFMGIHAASIFLLHTFFLVLPPSPSSPLYQAIASMFTTSMLIYLIALFCKELFYAYWSHFLLETIILILLSHHYYFLLLLYIVSLIYYTDFQIVKDIPALAINIWLQKYIVFSSLNSLTSHHHHMYLLMLFTLLMLTSTLLSILHIPTKSLFKEEKVIYDKHPEELSCVLGSTFILLSLFALICSKPHFVYNQLSCAYFVYSYTIFIYVLYIIFLVKKK,13.872483811337313,denovo_118
PSIRDFIVLLLPLMALVLGMALFWKYLRIDRAPPLIWVSCCLCLTVMMVLFDIRDRELLERSMDTGDVLSMPVHGIKEPVYADEIYKLTRELPVLGVAIHTRLLLSAFAFPPSWADWALNHYILFLGYHGISHVPGETLSPTLVAWATLKAFLRLETVPYSIEGLERSGQWSGLLGLLLCLAFCTGPLIALPHMMFFARMWQRDREAEKFEEYTPPM,16.263540672735925,denovo_119
HMPGFTGTGILLNVLTFAIQRAVDGYFFDKITPVTAAASVNGSFVYERFWGYEWTSRALYITMDAEVLAFNLVFLTIYPVSKIHLVETEQSHSLHQWMRTNEDPITKGEPSLIIRPRELRYKGAVAGTSTWEIRRNSMRVIYATTDLNHLI,19.31233773971083,denovo_120
GYTFPWVQTYYFAAGPLFLMVGSITLVLLGRSSLAGDLLVVTMGTMLLYGLVLVVSAWRESDFTAGYTCALANAVLWNGRAVHWLLMKPQHVKTRFAIVNISWVIVGCMQYAAVGLFPRSLPVFSAYEWEGIQGFLGLGPDVLYVIHAFLFAIRRNIHAVGPIALVVLALGLLLSTRCDYDYWLARNPDERRRAFWHRQLE,16.499999579705225,denovo_121
NKGNQVNLILDVVDTSTVAINESIVENLVLDFLMLCKGMFIYMAEPLPTLCEKSLARGLYDHGAGKIQGRVWDMFWDLKKFFTASLAAKDSYLVLFRIPLFLVLIFSLYGICLIFSYQPN,17.78559549166783,denovo_122
TLSSEIALVNLFTFNYELTNIKRQNNVLGLMAALDWSTHVATTKKDRLTAYVHAQQRTIHDIDVEGVVFNLEEDPYEAVWDQVRHVLASAGIYSNFLTVAPTIRFWGTAKYDYNERASTVVPRSSVPQPYVS,18.914630019893647,denovo_123
PWNSTIWCQVLFIALYVGIILPTLFLAVTLYKSNMLYPFTCLMGLAGLVAYTDIDILLSFMEEGNGYGGWLTSWGGITGLILVAAFMFICKGFPLLRPTMVFTMLAGTFQGTPVNSGATLATLVTGSSGVCFACNCVPFGRIIADPRTALAGIRILGRKE,16.90334718757866,denovo_124
AAPTNFILSGTPVKSYVEEIKSEFQLFTKNPHDLEALRDFFDPLFSRNVYTDDEHDYDPEIECAEHLLKLIPLYCCGYMILLLYLSLILRVKSEMKYVLVLVPAD,14.830694078749298,denovo_125
PNPEFLYYAYDLLVFGIILVLLCDYFIIKEKLYGVHSLVMQIKRLLLVLSCSDPVVELLLLAVECEQLSHEAFIVILIKQILSFWLNYFVIQHWFHSLLTALGTACAIGSAIRFKQFALETQVPSSKLAARSLLLNELVLHDLIILGFMMGVSLGVFFVLNVIPKDSVYIRSTEVSEKELGLPIIITTLCHIFTLKMAREFYNYREGVYTIYPSLFIIFGYVVVFVVFAIVLLS,16.08143701381546,denovo_126
MNPYQYFAIGGYALAMGALVVGTLAFGVVNEWTPPDYLKGMYAPFILTNCVILVYITIYRVTMPKYPIQYILRLLSPLDPGYQLGIIVGLNFLAAVLAWCFIQFALGIQYNGLTGVQINNPWSVFLVWIPVAVLYGFAIEQVTSWRLPRVR,15.055680655781469,denovo_127
ANGSVNRGVWFGVFGFLLSGLSTAYANLPLFLPTSVLYSSSWTPEISREFNQRGCLLVAAAVIVGMVDQLNDTIKYHQERPEKEYIYRYRFMKWIVRISTFPFGVSVLFINWNCNYCISHYSHTAICMAICGGRPEIAYGVEGKDRLAAGIFYTVNPLPVFGYVYRNLTFAKGTESIYDQKLPSYRGPGGQYF,17.534934224768577,denovo_128
CCGPVVPAVGLKPDAWQEVVEAIQGNYTCQECEATVVNPGVLVKYEADRKNSVIHHKPQLIVSFCFSPTTGNMYLSRMANIKNNKLTQLPPGQVRLTVDPVVFADHNWVAIVDVVYQQTDCRYLSDYKVREMLLDHQLDIAHPGIFRMIHDAGHLPLTTEDIVISRVRAQQAIRAQQLKAELIA,17.8858866571081,denovo_129
LNLKPMASENHHVIPSEAREEKFRHKTEIWMDNNNNVRPETTLPDREVKQRLFLVNQVNGAIVGSYTSGID,20.42311359272736,denovo_130
TSYYFVKDIASLAAGTLVATIVWSAYYLPQDKKWKVEFASDSPNSADIHRFIMNRELNPEFAKYFRSMNPRGKITDMFYASAQVYVRSLDAFFSWEQFNTRLLASGRGRSGWLAALVISLGARNIYVTFHGFTHYPYALSVLDELVGKFKTWPGVTEDVFGRPFVDEVEGGRTYFLNPYAGTAMLAFRLLDYLDFLIYNRNAHGRIEIAEIAPKTH,18.35749625842657,denovo_131
TSMFKIYERTGVTDLEFFYKKELDKYRNFLDIARHIRYHGQVDRNANTVAWNAKCFDQNNDEIRQRHPRCATGSHELVGITVVFNFVPNDFYRKYDYHSNLNTIKNRKEAADVKEDVEQLIYNFTIRSKCCKELVNCIQEASSQLVLNGNTKQQELHFWVHSQNVDFFEHGRKEQHWKAFIQWHAPFNKKMEELYRDIREQQNKNDEDKGISIFHTKLA,19.15427291146659,denovo_132
LFLVSVSVLILILAVWSYYAVKDFEVHKLYKERLLSRYELELEFEGKVKDACDGLILLYRPKDSALALLFAFLSVFIHWNEADTCYFFDVVMLTVGFGHFAPKDEFGKIFCICYALVGFPLLFFMLHAILDDIGRFGERGWVVTILDVCGQQISPIVIRIGAALAVLLACTVIITIYFCQKFVWRYCKFLFFTLSLIIAFCLMGNYKYWLVIDEDNRYVYYVDIFKALMLSYCQLELKIFENLCISDRI,14.42148008913111,denovo_133
TLEELIHRLVLFTVLFQVVFYFYFMVYGTHDSANAVPYGEAFVLIALILFNFSLFLFLCDRAVRAARLGQPAWVLAFVISVGHYLLYNHTLKLQDWRYFSNFFFLLLFAVSYRHKGISLYKFFSHDYIEESSLFNAFIIAVHQLDIVDLWNVVTNVSLPKPDNVASFFIVFVRWLLHHNRINIERLLFFFENNKANITIVWNLIQNLTNATTTRPLTDIFLFITLLTFFIIWLLVRKV,16.254224790527175,denovo_134
NADLTFYLIYGILALLFFAYTQVVDYYNYPLEKLPSDKKLNLISNFDNILERTPILAVLYGEVADHLFMNGSVFLRYSRVDIATGFLLAIKYQPYIRKQNDFLKSVSGNIFDQPLSDFFLIEIPSQDTPPQITGMMTYDDDAARVNDLNLVNAGLTIEKYSLIIDATTIPVRNRQWWMERFYSHTVIPDAIDRIWEIKRRYTVNEAITGCQMIVYNLKRQDEKDNLVQVLAAMLR,17.928508577354016,denovo_135
AFTKTPTADAGATTVSEVIYTNVYFYECGISCMLLIYQGRDVANIGTQENNYSICLCLEAMSFVKILAPEKAFIFRFNTSPWVNTSNVLKLSKNLGILTCFNMDIIRNIHDDDSRFALYRVPAKGYDPLKDGILNLIFFAVEFTISGSERGLKSAECTRCDTGPFLVSLFLNSFFCTLTIGLFLSVIYIYGFRIPVIVKKVHGL,18.62529237570853,denovo_136
NIYLVANDWGMAIILPRIVIITTKRYKGIYTVGLVALLLAMLGVFTTVYHFQVHNRLTQWRISD,17.37305067088093,denovo_137
FDNIDFFRRNWMWVVVPFAFIAKYMYHVKGGGIAALGAAILGHRKRRLIPSSGV,16.68726307844605,denovo_138
DWGEKVIFYIVLTLLLVAVLLAVGTILVVIWIWESPCYIGYTCFTLARYWGHYSSVFFFTLWFVLFIIGIASLHYIYGISSNPEHIGFFSPTMIHRFLILQSKIINEEHISCPVTLVFGILPIVTDQLPKVIFEIWEVPSITAVMYLVSEKQKVDFAIVGKIGKKVLEKMAAAD,17.28434992801956,denovo_139
SSKAEVDLGTVAFKYEQPFTKLVWPEFAELVQVEAWIYEAGIGFLNVLIPKFIILPIFTIIFAYIFHLSWATVRES,18.267835005283292,denovo_140
FLSSRLLTAFVTLPLLIANVIAREYFQNICDYWSEISPDSDFNPYVVTGVIMTVVFMGALSDGLTSGEKRLFAMGLGHIMAALAYGPFLVVSAHLAAIMNARIELIHRTAVMLPLCASIADWYSFLSPPPILFNWAEHIAVFATQDTQHYQGLGITNAIQFEGLVQELVVKGVGAPELGGALIFLGHLAVPIPVNAAAIIFVATMCLIFYFLVILPRA,16.995683478131927,denovo_141
IINENFNMFMWQRIINQVLSLAFFTYEIYSISIRFGLKGIQLLKSYFFNQMIFIHHIYGNLAEMFYSLLLLFWLLDTLTHATIVGQMQLYLGQIHQYYVFESGSSILTGAGILIATYIHKHNFLTPHLLHHVILLVVYAGFLYWLRYGLNTSLESVVGFTMYHIVGEMHILYIHNVMFMHFMGFLLMLALIALNKLSVALQIYHFVILVIIFYYLQINT,16.513888834568654,denovo_142
VADFSVTSVALMMAAVVTFLSFADPMLYFPNNGEIKDDSLVAPEVTERYRRLIRAGVHLAVWPAGIFAHFRNWQSEKASGIVPNWPNLLATAFVSGAFFAAVFAVFLNYECDAIATFNDGQGLYYFVFKDEYPWGKNKFTTEIYIALGGLLLPLMVFVFLYAIGPIGGAAAAKEPDRIFRR,16.51209938639029,denovo_143
MSSPKTFIGFIASISIVFVIMGASPKINGLTMIGKAITVGFYLPRRRGGILLLAGLIVVVAKDLLDVPKANSYAIINAAILGQILGVMAIFAALIFGKESRSARRLAVFCTIIAEAIYLLLTLAMNNQLFLTNDLALTIAWFPFLLLAFAIYALFAAIPIKYRKKKKKEEQAERM,14.185602021455956,denovo_144
IELPEYIVYAGFFFFVAAVWAHVPYDVVSPFRSKNIINPSPDQGIAYMICDLFCTPVGLLLLPDQDVKMFSCIYYIAPLPFYLFENYNFSGIFRNYYENDGVKLVIDLLVAAYFGASVHHIASNHIASSTVSFVAGWTAISYIMFVAWFPRPCTWDVIVNKTIFGIWGSYASLSAIYISRLTAFHTYMDAITAIVIFTTLVMYGIFMIFAGLLAQVHSS,17.011452445301504,denovo_145
FSSKHFAASWKIWLILDPRRVLAFFIVFLIGLGFHWHFGILVTTLFTWEDGQGVKAKAQG,18.62365457449413,denovo_146
ANLTRALFWRLVGLVSVYMVFEVIAFMIGGEGAAGACQWLTPAGAADILKVPSPGQILLIALVNAGVGVPPITENPKVAVDGAPLLQMGPLFVMLNAAEKSGDHWTLLLYGFLAIVFSIFVVLALVMYKPFKYARDESVASTTDDLTQNTKLIWSRFILVKDVVVFTVVPVPAPKTSPTFTRARWRLYAGLAAITIIILSTGDQAVVADGPTWVRQDLYRLFAEWCVLLLLFLQTLTFEIAIRVVVLPPN,17.28799291554149,denovo_147
TPLRMQAKDLDMFPEAFRKKFTKEEQRIIALNVNSPFQRGLALIAVTLLVSVRLLLGLPGWRGPNGAIGLMVAVSVIGPLLIFIYRSYRGNGQVDSMKY,15.447117024891234,denovo_148
WENSLSKMNPTFISHYAKYRTDEAKRAAIVGQQWQYDDVKRKHRVHLKNPPDGFTLKDVAAKGVLGVIVYLAIHALAGLIG,16.249899248774053,denovo_149
ILPKTKDLASTIARMWRGQFYVALNPKVNIIWKPEVNKYKFEINEPRLIKGREQKELAHAGLVKHLQIKELDLKFPRALKKMAQIRNGTIYLIEGDIKSVGFAVIADVAYFDYCQWTNVQNVSVNDPDTIYGVAAGNLRYSTLNDIIFPSALELHTKEVAQPSNYLAQLSGAEAIVFHGRDSLRKIIEEKGYKKIK,17.508051931199056,denovo_150
DYIGSATNLIMATSTTLTLFAGRFGLAPSANRKTTAGMLLEARESGLKTGDPAGLTLADTLACGALGHIIGVGVILGLKNIGAIDA,13.862759082572948,denovo_151
SIVPKPLYASMAQVDIQWAFSPLVTVHKDQSKDWMIFNGFVTLLVVACMLFCAVNTRFHHIPLSIGMIIVGFVGIACQLMYSKEMLLKEFSYYGIGLKLKDWSRT,18.301096760429065,denovo_152
NPTFDILFVYMPIFAALTFTIVVASYAVSSKGMLLQCKFNPYNLTASNRRLCIFRYCVLGVYSYLPFDSIHYKHYRAPKIHEQYTFGKYKIFNQETFTSEFGSTFYIIKNWNPTLLNLPFFLLACTEYFVEVFCALGLNPSLGSPMNWKHILTIFLLFDFHEGQSLACHNELIFQRALFYFVFMMIPVILPLNLFLMPWNPEIVKSKLQIPG,18.08923285744513,denovo_153
FPKVIIYINFTVALLVIRMSFIFYLLFQTFDKVEIPPARTPHTDVGLEVPEAVSGPVFALINAVIQLNLLAIVLAIGVAFLFEVSVAANAIGAAMLALLTAALVMQGYIIVWKIFK,15.550524224051085,denovo_154
MLQVVHDLAYFVFDPMNILLNLQILDDNASLKKKSYDDSSLRPSLVKLGAFDFLCEHLTESLCLEEEFGIQGYFECKPRRTIISDGIWDVRIFVLDTTCSSGAFVSCHTYSDLSNVQKTFTNVLSGDLKAIAGVEDEHAKHNDREGVGMTFVSHTLNLKFIGQNYIIYVQSNTAQFNFEGGIPQDDLYK,18.57039869540133,denovo_155
PVSMYVDFVGWCTYGIYAILAFTGAFNICLVILLNPQKSDVIPGLAYIVNFTLLSAFLFVSIYFALVAVVLLFNPKFTWCKGDLADFIEDYINDKMNNLSFGPSPELEWQFGKCKNSIRFFHEHPGQAPGICVGPRYRNTEIWMAYITLILGNTLLSLNCFLVPPSKTKFETKVFMFQYPSKLRFRFVKLLKYIRMPYFRINLNNI,17.72840040689872,denovo_156
TVFFAYVNLVSDEGALLGANGGAAPYFIDDLIWLDEDVYYQIAESIYRRNEILKLHWIAERELRKLAEEQLQCRIEEWAFKPSLEVYRLAIKLCELHHWTERNALLDANDIYDAINKNTGEMFARLNACKDGHHNIRIEGGDLTLSLKQIHQGVPQTNTTEFLVDRTNVRRVKEKTYNVNAPYPLITNILVACANPASERIMARWKREELNYEREKNYDLPVKQTVLHFTWSE,18.52660841525639,denovo_157
NVRSNSFQNYPQSVTFFFYFTIGQYVFTLMGMERLLTLSAYPCTPLLVFLVEDIALFWAAVANNADMWFWSMERRQRSQGASNGYLADKQPKCCPLGMQVNPNLRKVLDSESEYVPLLDDLVYMRQVVAECRKYKKC,19.431404985554423,denovo_158
DDQRFWSGVAPHFGAFWIIGIAMLPLWWAPVGWVVNGISPASWFCFQPQLSI,19.27464151082976,denovo_159
LDSGELKIWMVITSGVTLQMYRNANTQEETSWPFPKAYIAMEGPYNTLKEFDFQSVAHFAADAAILEALPKGAGGVVRGSNGLFQRIIERRPTIGGVVTLIARALPLGLGDDDYEEMEAVRKCNTIDNAGCYDRPIFSGEMFYFTAYLFLGLSLPLGVFLTNGL,18.369597796744465,denovo_160
NLETFIALVYFCLANFAYEGIYKDGEATGIATVASTVACLGFLYDVLIKGFIQDGHGDFRVVVSADFGRK,18.269246382587504,denovo_161
NNAYFSKEQFRPIANNNFFPRLLFLVVWGLVVLLSEQKRGNVISRNTIEETELLFRNGKGCAQVTLVGGNPLSPFARAVYQFLRLNYTSPKVDIFNDSLDQTRIIIVRTIFATLWAVTFQQAIDNIATVPDGQTLVREFEGIDKRGAPWKNKI,18.32012009184177,denovo_162
ADFVNCEFGSCGTVYVADTGPVLMCASFFSLSPQFAEAFAIQYTHRDSCVCILVDKNDLCHGYSFLFWD,20.55225270231912,denovo_163
SLTKLLPEVDVTGIYIYDYQPERGAKRFGRFTNLGIAGMSADRVEQNPYVRVAPWTIEDYAGDTGIYLEVERQLKKMPGNEKFYCENYINGDLPALYWMTDEDGRPFGRPRWWRDANAYLVATREYIADPERREPVSVNHILGGQQANWILKPFTWMKVEYWAGDFPARVDREQVTPRQVPLSFYFMPLLTDYQERLFAFRRGEISYAWNLPSGTI,16.790121796517564,denovo_164
ATEVRWTAQPVLIIIHVACKIAKPLLVNGYITSGEFAVKAVRGTFSSYGRTRDMDIVPAKVIVAIIMNVFGTWTVAFGAVTVLQRQLFDRSPIGAEVEEFATHVVTAWWRSLQAVYGIKCSLADTPYLQYFFKCLDWVDGIEPATHGEVWFAIVAPSYRVQDGVTKP,19.910118205810488,denovo_165
HLGRTLFDAFFRAMGFLFMVGSITFYAVTGVSSANSPLASSSFRGLEYLASPTYDEVREFGSINYSGTGGFTDWSDLPIGLSNFYYGVKKFTTECLITPDPLYATYLITAHEQFESKLADPCSDIRLPKPRFDGQTMAQIDAALPT,16.537381177191588,denovo_166
ERAGPVFTVMCISAVVVFIITQILIDQEMLLWLAYPFDPTLPFEFWRVFPHILMHFSLMHIIFNLLTSWYMGGAVIKRLGGSLIPVALFSALLLQGLVQYVYSGPWFGGLSGVVYALMGYVIWAGERDPASGILFAGGVIFALLIIIAGWLDLSGGFSMANGAHLAGLAVGLAMAIVDSLE,8.4974959047187,denovo_167
AKVTASIMSQKDPIAQVTSGLADIGIIDRKFRDVMGVKKFYADVSVATQYMYSTVGKPAMPGAVDTLLNHVAHVPAQVVYAPFSAEDMLVLTDDVGPPEWQAAGVFNRNSTYDFQWEAMANLSGESPYWFE,17.88924413058693,denovo_168
PLQREYEYKAQKSLDTAALAAAILYFAKNFDQVAMRCDYKIQTRLMYDKEGKQYVAPRRWWFNGAWKLLLDRTLQARRISAERSGDWAKH,19.36590210533118,denovo_169
LVKPLQIISAKQVLAGGSALILENFEGPKVKKHELAFSLGCITLSKAAINNWEKVLCCFARNRQSVKKDYQRKLLLL,17.87177284181572,denovo_170
SKPNVIKFAVLSKVLAHRHIDIATPMALENKKIKPKGYIIVNIDASAPLFYDPNQIKKIVEEPIRGLVPGNGQNINATIVNVESPKKAPPVKPVKTIPNHNEVPIKLDLRATEVDLFEAQYKLTRDAHGVETAVLDAIGDKKNANAAMLQGFLSANTTVDKIEVMYGFNFGLGTVKKYQDNVQAYFPQRVYIKQKSEIKRNLQLYAHRIYLFNIMAAKVLLKELDKEKVLIMEKDAAEIKESEVELSHK,18.12761053713275,denovo_171
TGGGAYTDYWNRWAQWTNRRNEIAICATIERQYPAYLHIAQIKVDPQVQYFTRREREAAEFERWEQRRHDDSAY,18.713696703452136,denovo_172
SDYVHSISYKPYKDKFGRDAYLDKKANTISAGSHLYEFFLTPNEKLCHYQLILGPGDVGVFRDVDHPRQQGYFHVVVYLTKEDLGLGALAIDKRKELPTYREALGRQTRYTVN,18.169703926113066,denovo_173
ALTENTALELYALMDLNGKLFVVLFFETFLINFDKSYELLKEAIRRSYKFNRVYTYIAVKLHNVVQIAYDKNILWSPLSFQDDVVRDGYIGGGWYWKKYEREWFQGLPAGSSLTREKL,18.965854634275274,denovo_174
MAKLVNATEGNQAIIISRLPWVKIPGLVNRTDVTFFYRQAEIIRYARARSPDILRAKKNHFIFVGVFLVLTQYFYTKKNYVYERRRMIKAEAEESAVLAK,16.410334994976434,denovo_175
LYYNAGRYIVGRKVLESVISIEKEIAGIFSLSVAYGINRDDIGVPRSYNVPMGLTDMFFTWVSDSEFFRVFKYEYTKKILVPGGVDHRIYEIEWRRWWVGGLFDFFDVNLNGFTMQVALLTYFLQTYGFYDALDMPTVWVGRTHMLMWLATGSQLSILRLSAQYVEVGQQVYDEIAAQVRYLHINH,19.70323162069756,denovo_176
SEQKKFTLLFGDSAGLFVGSIFAYNAPIAPYLIIGFWPVGIANLKARGYGYLVASVLEIFGLTVVFFRNFSANRIAGGFLVGMAFATFLAQLHLKRTRAVSAFMQVIVLLVITDTWHGLNDLGVNFAVLIFNAVESIVLITQFGLFYWMVKSLIKTLKPFWKYKK,15.826310529564594,denovo_177
LKAVAVSALVAIVLVILVMLGAVIYIFALAGKADDVFVGVKDTPTGRRWKGSDGNICGDVPNDLFMRDETLRTVVSAVGGYLSENFSVWIGKVPLTREVWVQRVMFSVNLILSLIVTLIVGMMPNVVYPLGQYRTDFFDGNLSGGVGLALNVAALLGGLSAYQIIRDFADKNLEISKRGERLFE,15.42096266908229,denovo_178
ENPELQAKTTLLFFGGLLPILGIFSVTIMPFGKGVSKFHMDATGPISTILNFFGCYLMDIAKMLPFLKPVRTFMIYAVYSLVEFGMRMMVRFGWEGIGGWFPQIDQARLWPKLIRGLMFFAAWSYFQGYGRGVLVGLFFILQPTIMLGLWSQIIRGDLRGTVPALLVVLYRLAMVIAETVGWYIPLMLATAAYLSGALGGIVGDLLDQLLGGYN,16.624122694217455,denovo_179
TSEVQFAAADHAVDVMRMVGKPLRTRLLGQVARMPATTLVFEHHVLLRWTLVVTVSRYAIFYFALVLVMGAALFYGFHLKVGVVAPQAELAPTLALVDVAVGVERLSEVT,16.723870991078883,denovo_180
SYMGNFHRDHFCIAMTGALFLSILVIISLLAGYFPSKWQKCFESISVGYPAHTVLVLFVAHNFYEACPKKSGMKSFNVNPLSVQAGILCWFGAVSTLGHGFWIEFFFKENVNFAAVAAYRAFPKVKSLGLPMAGFGVGEVYEKIFAPWLKENESGKSLFVKNEENGFVTIRCLHLQRYELNHGILDPSFRIWPPFPVGLFLSDEETPSSHRNWYFTYPLIAAFIFYAKGRLAANLD,18.152622357646557,denovo_181
GRFISELETNDTCKVILSEHMADGHGRMGGWGLVIPGLGVNRHRVSRFVALQPFFFLHVLLVKHTLTKDPEWHVFFRAAEALVWFTVLGQALALWFILLKWLLCYFVNGIMDELGLSPFALILHANEKGLYTGGVVAGATVCGGAFAIRTGTEHALTIWLQHLIPCNVCIKFHHII,18.277752662631844,denovo_182
CMLSRFFLVLGLAAAILGLAAASLFTTSLSTGADPGVLSFNVSGLSSMLYTITLVMFGGLAQMALASVAALINHNLALAFPLELTNDMLGLQAVKELLFHGPALFVASYMFGFANPGIMSGMSVNWGFNYQLFCMHGSCAENCRPAFAALVEAMRFVEGFLACFRPLCGELLGHLVVGNMLFIPDGSINSCEWLAMARQGPQGMNPAWGGWNHFQIGHPQIFSSVHTVGHKLDKQRLP,17.066865167017333,denovo_183
VTGFSEDNVYEGILKLCHKRGPTSKPLLKNKKYRLLVTSLYLYYTEKVLRGICLPWPQEHCQGPPLQGCHRAVIQDQVAHASIALPTTLLYMEGHWGDCGADWFCGENALIFPFVLAVLNLAACAVCLSLDRMQDVLLEGFFITAAFAVALGIILVTALTEEYTSQAFFGTLFITIISPLLLTSGYIFCHNALCWLLGIALWH,16.79652742232465,denovo_184
GGTAIIALVTTIEIGTFFLLDVDRASQEPTVKDSAVAVKLTTFLAILGLILGVVSTIASANLVVADLLAAEAQQCVWYRVSVAPGLTGLIFAAAHTSKGTFDQFFRAVFEANVEGDLELAENGGTQLGTFIGNLIKGFAYLVRGWVLLAANAINAYLSQVLKLKSTADFVLMEFVQWWVVIGSCLFFPLLFMIHAGIALKVDDFGLIGKWAIISSVIYFLYFIVVKPVVLVV,15.71803482597428,denovo_185
WFARIVRYYIMRSCVDPYAEVLENSDPERVPRTGLGYPVSSVWLAAGRRFLVYGGPSGVRLMVAGFHEFLVFAILGQGIATYIVQVNNIGIF,18.35410542380701,denovo_186
AYIMDHSQALIVLEIGIGLLYTMVRGNTASKSFNFEKSYALAVTVTLMFYSLFFSLRFRRKHWRKAPLVQILSHEGFALNWLEFFLVMERGYGSTIKTKVNLKMAVFCWILLGVLGVSVPDLWEHKKDQHHPYCILHGAMMWHVSDITVDASSVFAILFVKGPKTLLNAAWDSTNVAQILADAAQDGLPIVLKYFPKPMDIMDTLGLKA,18.023132648333814,denovo_187
AFFAVAVCVSGSMEADYFLSCSTSSCTNPASCDWGPNQLMCHVSEWGCAPKPVCTRPVGPVDLKY,16.96430030917659,denovo_188
NWFVIRTCGGMMIDSVFFNLFYVLAWRADIKATAGMSEITPVPSTWNLHKLNVVHKELLIYGTDIGFQRRLRHYKWFDMGVLIATVVSVFLLLWGQYYFPLPLSRSTYVNPAALAAFGILTRMYRYTSFQHFCGQTLFFALADGAGTVLFFVSGPTTLLDCLLAAFIAAMLCGPQRALSRYMPDYVRLKPPVLVQSFGNYYITCLSQFLFASGIVFFLIFAFVVIWIRYKYD,17.810631291323183,denovo_189
FKPKRIYITKKKTKIEVDRNWDIFRRPNPYSWVFYGIAPSSPVKDLYIPVQRLMSDEHGINELFFIFPNDEYGVAFNYKTSKKFYLSKTSEYLVFLPPRQQKHGKEIGTRNELAEDEFVYSQTFTINEPILECKHQLKRERDIDILGLKSSTNPNFSLQVYYNPFLQYKMEFILPANGVVEAFAGSTDPATIMIMNREVVVYTSDINRIVEKFDGSEKNWEEHFERIVVNKAESMELCTYVCGD,18.01992314028129,denovo_190
KLVIAKSYVNEFQSIIIHYFSGMVCVSGLLLPNPFDTFRHYNERASAVRKTETICAVEGRLALTCKKVSKNFDRVRHLSSELKELYKIVFECMLHQETFTSILITYRELRPSGSYNLALLVYVMGVTDNYNKLAKAFDELAAESTFKETIITQMGRNRWD,18.566569351626544,denovo_191
FPYDGTLLWGKTACAGCIYLCWMAQNEVWWTNTESVTIGILRPLRDPALCGFRLADYGGSYNEDVTYNIGL,21.08762410522686,denovo_192
AEPFSTDVSPNVIFILTLLFFIFGVLPPIVIMMQKVDIESVKNSPNAYDILLKQKLYFGDAWDSVNWIKQMLSLIERYRGIYTNELVDFIDDVFK,16.51507726167043,denovo_193
ATEYRSASWKLWLILDPRRVLTALFIYLFVLALLIHFGLLSTDKLNWWEFQTANYKAM,16.43996194755224,denovo_194
SLIAVAVIGSILLSKVAILAPIPILIAAVTIALVNIFAQIISKLQPHIFATALTTPNILLLITFLILIIITMNPYITIAFNSGDAFMV,13.359546616700266,denovo_195
IEASWVAVDVIPFVINLKDDYIAVPWYTTVILILTVGIVYSKIRKKKVISL,16.016506560516618,denovo_196
SNVTWAWKALDNYPDIVDDSLGQFAINQLANLPAYGVKTLRSDFATSAADDRWAYPNNDRGPGFWIADNSFDWNRDNQGRALAATFGFGGGYVYFSFYFDQDRLLAVRADPDAVARYEVRK,16.732926309138914,denovo_197
EIEIHIVAEDPPEVDAVPPDPLRNPAWILVGFSLLVRVFFHLAKERQISMVVPCPHCHQAGFRLFVSSFVGLQYLFVNPPKHAAPIGEDKATEAVAKHILHHHAFDYDLCIFHLYCVEVCPKYCIHVDPDMADPSLRMANHHYEYDVDRCIGVAYCVEYSPIHAIVRGPAGMLAAEDAHEDMKAGKFLGHA,16.016693341395317,denovo_198
LWSRATSMVKDISKLYVGVAGTRDTTPQQHLDRPTPDQLLKPTPDYSWRRYTVAPSGTAIHPALEGGNTTSWLGRSTPFGFFGADPGTTAGAIGAFSFVVFGYSLFERDATSAEVGVVRPREIRYAR,17.54604828367956,denovo_199
