Source,Sequence,DeepTMHMM Predictions,Folded,plddt
MeMDLM (Unconditional),GADTDYSQEWKIIVLSLFLLILLVGLSCEVLGIEVTDNVKCLVTPPKAGYEAPGRKALSTGIRLVGRLLSAQVIGITVYSSYLSLCLVGTESSKLVVTAFFYCAIFGALVLFGWFTATYFITAVFDGKIGYAIGIGATIGLRLFMGNVLPLAILVSLVMDYIVIAITGFLAPLHARWNMFHDSIAIHPLYGMLMVLWFVALQSLNNDLILPSYVTASLYAFPANFILLPNAQHPFVNKGNELAMTRLHHIGTPHLPEGQFISLPPGD,34.45692883895131,Yes,
MeMDLM (Unconditional),NIAFVRVNDAHVKVDSLEINEANNMWNYIDKVNKSKAIAETITVGSLLKDILISFQVWPRPKIDLPDENKYVDLVEKIHNELKIIHKDNFSPVVIVEIEKYKGKVPYEFWLRESGKEKYLYALEQVRDYCWKPEDEEFEAKMAAEVEKDILYFYFKGCLRGVFFDSLGNKDDLYFGSKVHYIKVYLVKFTEKVKAVAPNLRKLKFGNPPLEVQTVMKAGQLFMDNEFTEDAKCCIEIVIGMFLIILGNSLIPDVMVSILECTLQLGPRKLISHEIHVTDGLAIGVEIRDENKCKHKLAAENIATN,100.0,Yes,
MeMDLM (Unconditional),PTSTIFVYIPDRENVDRSGEFLKEINNLEEVPLFVSFDDKAMCKEKKTIWLQGHQGYRTEIYVNVNLAKDLFEYLQVSEYNAYIHEKIEVCRRDRTDRHASPTASYELKANIAVYPEGIATNKYEFKSMKVDIDNPRIAVYGKRMLKVRSIAMGGYTAKGWNIFLEGSRKEGERSKKYDTPYDTAWWLVVFWIGYGSGVLGSSWMIWYAGISIAFIAEHGYFKHLGWVKGKRGIETVEGATGQWAVRVGAILYSEEFIEAANTFDSEKVQSDYRIRLSFGALGYYFEGIDSAFDGQGASSGNAGIAGVPLNAAAESYNNTNSNIGFADIVYKPLIQVRKDGFYMLYGIFETANYFWANWLYRCCCHINQ,49.59349593495935,Yes,
MeMDLM (Unconditional),IWSVGENNVDDVDLFPAADWRYLEGEPPNIDAPRMYGVAFPVHGVAEVLTGLEYWVMTLKAHTYNSASMRARLSPTADYNHSFAPEAKPALMPGIAGQEFGATIAFESWGKALFSTGVDIKTLHHHLTNMNKPDAIYLADVTTSLGHVNVRGWSPVGKLTVWVPDATRWRTNRDKATAYAMFWLKAYGMQFITPMEIQWARHGDIPIPDHIKGPGVNIIWGKYE,0.0,Yes,
MeMDLM (Unconditional),TVYAPKDKAELALVQALLAAPGATRVADREGVLQTNSDRFKRFAVMNVFGAVIDDYVTYHIRITRDYGFNDGARGVFALTLQGNCGSKLGDYRNNQERFDQTYGFSSETHFKDSRTEGIHFNWNHTSAEEYVQKLSRLGEESAQVDRRFDVEWFQIVDVLRVFRPLVRGASFEAALRTFTNYLLPLRNVFDFVNKLNRLHKKFKNFVELPNGKDEPLGMFYPSLYTPETRHIAGLFENSTFLSVIPADFQGERTGFWSIYGLLNWDVSGNMNGVRLEVETMLFGLDTPSALAEKVKLTIQTRDALTSLTGDTDGNVPVLYSLTGRQQNDSGFVFDYTANLGIGVAYGAGHDFRASAVKGDLGILSGIYNLDDNLAKNTLLGAGQHFRSHVLGFLLRVPYFF,0.0,Yes,
MeMDLM (Unconditional),TFSRLPRILVWAVIVFVRIIAWGELASTRSDLGLNMGLGLSLLGLFTNAAAGYTVAQVIPVETPKENDADVGAALILVSMLSESPFPSLIDRFSIAFALIYFATIVLGIPFKFKFVDGAYAVNVVPVNFIVGVLFAMIVLELVMIMVRAAYFGRTVQDSGELLSVGTIVGGLRGFHYSASKFAQYLISGPEYSGCFGLFESIYNRLQAGDLGFGGNLPFLGKPASTIFNLLSRRFVLAFLVLFVAIGVSMLVKVIGLSELYTFNVTTDIPLFSPHQLTPTIALFVIFLTPLAAIFWGPLYLLLNPIFTFIKGERYPN,17.034700315457414,Yes,
MeMDLM (Unconditional),MNYVAYPVFFHAAWIGLIFHPLTYVTYNHLKRVAKKLFLKEKTYFRGRERYSWFSCMNLADEIMAEFPCHFFVFIICWYHNDLLDKARHPATYQNVFKDNGVFLMKTTKNTKFKKEATKIHKFLSPFFVPPLVPFAKVIYFTYVREGFTKDELILDDFETRHHLALDFYAGQGYFYEILVAHIAPAWGGMLFYALYPLREFFTRAEDNMDEFFENEKKQY,100.0,Yes,
MeMDLM (Unconditional),FPTDDNIFSLPFYGALILDIEPQRDANLRLSGRFLTAYLPGNLALIIIPFFSSIITVLLGGSLIGIASWGLMMTWYLGLIFMSGLLFCTVRLILLGTTDLNFEPLARYYGDLDVAKVVGELLSRLALHPAFLGYTKLAVVTLFVGANIAGLLVALYSGSQNFWNFLVLSAGSVITITVLGSIIDGLSSGTDRKKLFAVPVGHGYFYMLAYLLVSGFSAMASIVLAAILKRPILNDALAIILVFRVTMDLFLNLFFYLPVGHLVTGLTGAGLLLGTFGGALGVLNGAGASIGYR,29.69283276450512,Yes,
MeMDLM (Unconditional),PTSAAKSLPFVGHNNLKVLYRDGATIVLNIMVLLVFWYFFINGAASGAAVLAVIVGVNGVFRLYNADALGSVIWAALGNGLAGIREGQIWGEVVNTGRLMALLGLVLAAMGVLELHVSGIWIIYTIAEFVSRSSFVYMISRYGVNRSSGIVIPHLRV,51.59235668789809,Yes,
MeMDLM (Unconditional),SGLSVIVAFVGGTTFPIENHVNASAVNGVNGRISGIGAYVTSKPRYIYDQPLMRFARVAIFHEAQSAPMVDNAECRLGVQFIILGTPRLERLAAQVLIAHNRDKTANDNAIKVFPSGGMPEKMGLRIELRGQSPKAGQVAPVAIGSPMGEQVQAKLVTTRFYDYIRVLNTLEAIGQTAYVMDYDVYNGGLCAYWDGIKAIADRNGHANQLFIAGGGKFGIKYAGEYAALPRQADLYAALSGVKYISPNFNIIEELVRNTATMPIPIYQRLEWATNIIIDIDTAIVDGKLKDLLAGATKIMNNVGSTITVTVQLDLARIPETIPGDGVPLEYIKAKPAFYTQPDIPRLAEAFITLQTVERNIIFCSVCVDVNLLNAVNVDSRTAQQTIWGNFFVKIWEEERQRRRMLVDDGGPVERLGIAAAVILTPQTALPGRIQNPEAQVGPRGLKYEVATFLQIFYEESPYTLQRAEDLHTLPYQLDVIYSDT,100.0,Yes,
