OG Sequence,OG PPL,OG Solubility,Optimized Sequence,Optimized PPL,Optimized Solubility
EDVLFPTLNGSLGERSAMLAQATYIQSRTFRWQLEARAAQFKGVVLSKEARLQYRVVDRLERYMDCMRNQLVVGALCGLDWDVPQYICNLDERAARDILQEHRLPVLLDRMAKMVVLSYAVYFLDDNEEPFARMVAQLGHSAGTFGIRKGYIKEFEGAPLAITANQGTEISEMDWIKSEVRMGQLTFGQYLPEDCLQENAEFVDPAKAYAEGLLVFGLLYVSSSQRPFDGLSVDNLLAFLYQTCAIAVQWEDSLLWAFQVLSDSPLYDMLPLCGTTILERVHSHLLRAVNKRNPERQRQPLLPARGLSGNCALC,18.2287,0.0,EACLYISGLGVNCARALRLGHVLCVLGTNERXDFILAPLYLEIHYVKGTAFYPNCPHRQQWKIQQQVFLVTVYLYQDQYCQPGICDSLKFYDPAGQLDNDLLAISIHATNLTKSQPLCVIDNKSLELDKLAPYILVSFDVDLKVSAQRSTFDFIELTSVKVVALLDNIGSGHLISFILTIDHSPMGNFCAILFKKIVYPSGWDIYRLIVHVYLSLFIHVDETPLRFFALLFTFQAGFSIIYPFAVCSGLSGIMTGSKSLVLFSAPIPNPTDVVDHFLRNMNGVGAMMRLICLIIPGLKPNARIALFDKAALRRQ,18.5794,0.7975
PQLIRHDGWIAELLPFLSIIVAILYSLGHVVEYGHGTQVTLYSGKESTDLLNHCGTVILTFKLVSALTFSIIMEIVSLSIALCGIVFGTVLVFTLSVAILLLPTYPILQSNKKKNGFFTNFAAKKLYAEVAYIWKQLYNFSFSLWFHTITLVFLIAQGSGSFSHKKVWIYGLYIKIYLRSLENNLVPFNFHSPQYITAVMINFERFGLASSYWSTPNIIGVSLLIMLDKLVISSILQGEVHAPMLWSLLPSNEGFGAHYIGIVLQRSFKSTNREGDIIRAPYTNYLAEKGVFTTIFIIPYLKVAKIPILLSTASHTSMNQVASNFSAFLAKSHLDTISVGDDDLFFSEVEVCGRFVAYWIWEELLKKEEELKALSDY,17.4555,0.0158,PQSTSLKYASVGDRPNHYKVSLIPRKLIQIESGLDDISDHHNMVLDDWTWTNANDRRYWVMHEFVKRPELEVLFKNLIHVYIIYVKRDLTPFVKQDLVFSNNRDGLPYLYVTGPDINVMALECSVVAEQVNGANLSPFAPQIAMYPAPDIGNAIFFETIVNVPIPSLFTYALIFNVFEWLDGMMENVVVAILCNVAKLYPKFHVKLFIEAFYINLFVLLSRNSGAKALLNRGILMRLEVYRAEIFYVDLGVGHGLFGVHNEELDLFNLLLNQSFIECFWDLNLEELAGHVLANGTGYLQHGETLPLGPSGHFFAPSLIHMENIPLMLILPDGHPTYAEIRQVLRDITYSARHVMYYSYWYLYKGSARPKCQPAWSVQ,17.961,0.8813
GSRCKLYLLFCFGAFCTITGVPNIYCGSKNGWVVTTCWGYQGDYYFRRSFRVSDLCKADVFIAIGALFSQCFHIYGKLIDEAGNRYWPGNRILCVILCRVYIFAFAKAIHFCHSSSNHMYSDAHYWAGRFETESAKWRYDFRTSWSAVSHWMAVELLLLLGFGFPDYFTDGMHRDAVNLVGNEHFVPS,19.9636,0.2632,KLLYLGLMEGIIAPCVPPHDGLALYGAVVEFIARLQSNFVIIAEWWFNRACYLKMSLIVLLQEFLDTDILYHWFLDRPDQSFTPKRWQIRRAANMVWMYSRGQVVVCWNAQFFPIMVAIFFSIEVLSLRWEAGPFSEWGLNSEFPDIVLPRWAQGQDILAYLDPPFQFVLKFGAFQSFERRVRADAAE,16.7128,0.7263
ETVYEFADNNVILPPEELAATVQWRGAGALVQASFVGGLWRATGDVGVDSKRKIFKCFLPILVFINLGLGVLFNISIKTYQEIVSFMSFGAALTVVALAIVVYAGLKNMTLKSEFDFGYTGSDVAAQIIPLLLFGISLSCLVGLSGVQVGKTPRRLQSIINFTKTVDDIATAVVLSGDLPPYSNLPIFEAVQRINIVYEEAAIYSIWYIYAYLIDTPLSLKRLASESHVAINVCLLGFILAFGGISFSYAILGGRTGQSTNFLPFFLRVFNEKHNDQFVVAAFSQLMGIPGLYAFGGENLTAGMAYEEAGLCPRSQSQLSNERGQLPYEGENVPWIRSGAIGAATLAGLTAWGAVITQLGAREMKTKASINIVCAVSAMAAAITDPGIKSLLKVAVYGFNVSIDPWSIIPYSFVLVVILRTLLGWAILPN,16.7954,0.0116,FSAGKTENQYQYAIREWDIVTRFLDKIVLVLLAESDTINVGEYACRGITFTLNKEAIQSKNVKGKSVVQREKVGPQELVPKIYEDALYLLRRMILVWAFIATRQQYLAFLIWRGQLDLSTHRPFGMYIASNIFCAFMGKETKRDGGELALYGIQRHTVGTKFHNLYLRTKFVMRTEMRSVGSFRLDTMLTKIAEAPTPPVLNVIISPTIVASPMSTVAALTFPGHEDPRLQLLVTLDKWPVWLVNSDYGENGFWTKQYGLLAFGRVYSPIITQEDGPSNWAERFKAKTSTEDALLVQFFSWIAIVDLITFYKYKAALAQEIKVTNLQDLLEAIATVLQESVEVHTDTNPCRAVMMYGTVVALLDALLNLVGWASLLVSMLHAFRDQPGWMWRAVPLRAPPQRIMRANYKIEPAVDPVELSLFYVTRALLY,17.7313,0.9306
LGMLKLEKGQPARIGYKVMLRAIGAKDYRNPEYSHVYHRLQGIIAQNYDIIAEVFPSYAISICGVIAPAPNGEKLEYVVVGSETDEVGPGEKKLSVYYHHVSSIKDRLDIAYTSVISINEEIGKGFYRKYMVRIGTRPVLVVMIEDLGTDFSVHGSLITFPMAVHVMKREYVLFDRYTGDHIELVTEISLAVMPDLLIDIIAVGGRSDSGDLMLRGAYSIPENVDKGLEDTVANAKTTFTGKFFSEYLQVKFKYDFLAPHLIYGAVLVLGVFIYRFADTPRRSPGLAVDVPNVTWIKLEFGKDSQKFDKPEVIRGQWLPIAAGLGIYTALMAPSLYFRPSVL,17.9367,0.0,SRLSFVCLALGFGMLGKIIWGAAVVVLKMGSZLTVILATRKYCNQNAVGPINYDYFEREGSKRYLPPEVMRSLLIRPLAKFLNCVYASLFVGIGEVLYVPLFMKMGRHISVCYILVPMDRDLSAFLQDWAAYLRLWAFFIQHLLGGSKFIWSPNYDTPCSNMPMFNKGVHFMSVTSHLSNFLSNVSSQLKAIATFAVMHQTARFAKKVSQTLTGADQAIAGISHVIALLSPLAQTPTFGAVMIAACTAWCLTHFSDRKLLAISTPIFSVEFMMWVMLALSKTIFVLAMLPFIITWINQVTRAFLNPSALIGVFSLRFVGRVWLSLEIILVVTTAGYQFCLVR,18.8225,0.4244
VHPSYPPGPQFWLPPIKEELIFVTNGVLHLAIHYWALGAFVLSGVIYDVKIIEFRKMRFGGRLIPFIVGLTFLFSGTLGVFKSEHYSYMDITVGLSATAIGSDLFGKNIVAVLTDPLYRLLHNLLLEDGAWQSKGVLFITYAAEPGDGAGRIMELVIGMFYGSVFGFAIVFILITGLLAKVVIPWQFFNDIVKATSPPRKHWRHGAIFEWLVLKFFVEVLALIIVSSTAKKDFEGEYQESYPVIKAWICVIMLRQVIFVLSYNTYNIDQTFTTLGFEKVKDCKKALSHLASVVNYFNYLTDSNKMVVSVDESANISYAIFSVWYCSDVGSNRGSMFQVLKIAALTKSGGRIDHLLRHWLSGGFGALLYLPVLYGLPCLSYFATHNNHMWGYVVANDENSKLYCHDAAFVFMVGGACHVVIIVEVRGFVSKLKTRKDVFMYGLGVILLIMTLIYPLDP,17.705,0.0937,RIQTYIYQLDGLAKKISTPGGYPVGLGVGSVHYQFVLYGGDVDAIMFLVALIHKDSLMVFAVYCAAWVWGPAVIKAYAFFGILKFIHMANVSLVLMAPVITEATDTKIFMTVLQRDLYAQLPRVYSVGLRRATVCGAVQIELWLKASSILISYIAKWMFVLYGKTNAANTGVKVMDKENRKQYERNTLVYFISEMKYVEVIPKILLSYGAEVSELGAFSILGMVSFDDVVELEFVTPNHFLWSQASTRVVKRYALNYDGEIRFDCDDRAVKLPKPLYYGWLFQKRAEGLSKNNAGSFEKCLCERTVLHGEYYSYSIVDLDDISKYTREMTKVYKIGPDIMKDSLNRDLSALVYEKGCKHPHMAGLNSVSSHKCNDLVTNASLLLHAWINSSSFRAAIGPPETWVAPIGLTSQEFENVIVVQQVYGRTILIIRFMHRAIALRSNLIYNDSRPNWFDFN,17.9258,0.841
HYEGWAKRTATDLVVPPNSPNQQGRWNLLPVTHGALVGITPRQGCENFDAITYIRLQNKGAMYKSSRWLSTNHYLTVKGFNKVEISEMYWATVKNMNHRFQFKYLYTLSRNYLNDTGFNVTKDYRYRTPNFALYAYYSFSHNVINQRMMGVAIQFAAIF,20.3327,0.2236,SQKIIVRYGVPEILVPVYVGRKGALDLSILKENTQMPWQAGILGYGPAFLAPVLDYRFRSDAFAQDAMFLFLLDFAQVRRVEPTISLGDTGMGVSWQRSLVQWNTFIPHVCLMMMPEAFRITLNDLLKSLAFASIFLGFGLHQQVLEVRFGKNIYAWYT,16.4033,0.7081
NQFSDGKGMYDDKANVILVNGGLYGYFGIANVILVRNNYNIPGNVFGGLSDRLALWVSFGLFSGTILNVGHFWSEESMLHQVDMLGGIMTVTVLLHRDSSPKTAELMYNTGDKFSSEVYLNGFGKLDYDEFYASVNHFRSQVRTHPTWRVNKTIFAAGMEPYETIKADQTLQDGNWIAVPVASAFQTKQYFQNINLDVTDDDIARGPVRTQSEYRGRAWDKKDSESPDRIFVLVAKNQPRVLAATADIFYRQQLELSAIPSEITGLCGGAMAKYENLGNFDVDAISTLMTQDAHFHSDYAAK,18.5374,0.125,SIPMDDGNEGLLFKAIPARIETAKYLGIYPTPIYASKQHIFKMLTWRIILLNVLGYITLQEWVEAAFTLQHLMVILKSTAGEYELLKTSLAVCLCEELTGRMLTLHLYIGELALAGFHETISQRRLQKYAPYKLRIAWNLEMVEVHEEECSSLLTRHRNFIGLEDAVVGSGVGGYLDYNGLIYEHREYWEWARDINVLDLLANLAGALERILFYHDGVQPHIVSVAYQEGCPVGRLIWQIPNDHQEWYIILASTDKGANQIEILFYWITWTLKAGCHQGGMMAPGFRDQMQRYYNTKLTALC,18.1301,0.8125
EKAYKRVAKIPNLISLARLVTVYSKFSPSLLKNPALSLVLERTPIGRTVQKVTNTNQVQGFVRFQDPPGFVQISDYMPPYDVSIPNLNNCDRYPRFCGPNKVRGLPRENAVDDKDNAMLKANRRAKDLGDVITRSQNDRLQDLFWDDSVAYGLFRTNPAQGIASLPIPAISFSISTIYAKGRQIRVINGTTSWINIINTKVNVRVSIFRGFNVWERVIKSVLNQTLQATNGRISVEIYPKLPTAGRKVIGRETAGYGVWLCLLAKGFVLQSMLPKPILRWIEGVPIQLVCNNVIGRHKFGM,18.3436,0.1485,,0.0,0.0
NGWVTLQDNQYRYWVHGQTLRLMAGIFQVIAGMMCFMIAEWALIGKDVYKTGIVSELYALVFFTFPLKLVMAGIRETVKMQVNHLYWIHSSGVAESWHMRVHSRHGYMAYSIAVFLSEFRKTDIFFVLGGLLLDPIMAAGLIAPGHNFGRMLIDEHIGDVILKRYNKPYFRVEYFTQGLTKELGYSFLHNHRLGLLGMCFSYPLFRVFRGVQNALGAFSLVQAAKGLNLFERSRADKLEPILEKAHPDKALSVLPGKDGQALVAEYQSDLLTTQLSLTTLSWALPYKKDGRTTHPANHPFATYAKDLKNMKPVRQLEIKLFVVAKADGSWGVHVTMSQEQVARLLAAYHYSLVPYDAYLPEELRGMFLFGPFSWLTNFTFSFHSPERYDLRDTVSLLEAMANLTGVNASYGLGPLAIWRAPLSPKLRKIPLVQVSIAQLHRHLAALRLLYLYFDVSVSVVVPWLDPRVLETKAK,17.8546,0.0588,,0.0,0.0
DFHYTSTESELVELRVEDCQDVFQSVKIQWTTMVSGVFPGMTLAFYDKCNCLKFLEGYAAVTEYAVVSVLYSKRHKKSRWYLVDTPNMFVINRFIDQIGFYDFPSQDHCIYVANRCGIAIGLSDTLPMVYEALAEWDSTESCGWFSRKLENSCLVGVLRDQAAAIAVGFYEDCTVLYFMYIEFNVWKNYSDDLVFFAMPKSAMHIQDTVFFFLCAVGLLRNAHLKSATKFQDEHFPGGVARAAWIGMGLDLSPFPTYNYFEERLHHIGVDDHFFRKHQPMRQFFVHLSTLMPSGQWLKLFATVGPIAIRFNMVIPYAEACDSMRLIREFFNLIGEPMENKNLILYSRVVWQAFEQSIVRKSMEVNVRVTSINNGCMWLFVLGIIFALVAGITFFAEV,19.2322,0.0025,WIRRIGTLARVVAGWTEYLIAKTFYGDIDVG-IVLWDIGAPHAERVVKDSIFNGRIVSLIFEPFLDVLPWVLFEQTIGFGTGVRILLKDRYISYITLTFAVGEAASIDSYHAEPRPAKYVVENISMLFFEKVGLAAFYTLQNTIVLPKSPGFQQVYDITLIHQKEKVDLCTSVIYQEYFLALLPSCPYLIPSVIYDHSGYSSVKSIIKYLYTDDECAFDIPDEIIVKGGVTAAMLQTGKPFTVFAVGDVYLGFPVDETQFDLIVKLLSCGLKIDQCVPAIQSEYEDEGLFVLAWTDVITNPCPVSDGRLTVQDNNSIVDGVYLHRLQGNGRDETEFEQLENIVIPDGPLSWWGNKQYAPIFIPSGDTDIVKRLLLFVLQWMSSCEYFHIGPGYVDRA,18.0197,0.9123
MGELRLFRRLTYLLTIFVIVYGIVKGLFDWFYRAFGLNVADLLTIFLTDSEQNRGRHAVYVEPLDKALGRDVAFFLQEGFMAAGVYGFTVTGVIVSLLTWIGLLLIFFGGLCLAWDLLMQQKFYATDPDSLNSAKTAARAAKARTRSEFGTLLERSGMGLASLQLVSVEDVAERQGQDSALGLLGVVYALSGLKNPLLAKFVLLVAIGFHKERFGFLDPSADSHKDFIWAVIGLRDVKADLAEKVLIPAFYFVGFAAMQFGVLASRLAASDYRLDANRVVAFLWFSLFQHKVMFFFILPIHEDAEKKDIAGRIALYYACTMLFCLLLAVWLLSAVALLSSNPFS,16.4037,0.0,,0.0,0.0
LRTGGVIALFVVTYLVLIGKIMPQDYRTILVSMLQWPADFSNVNDVNTGLSAVLQDDLVASRFPLQGLPQMKGLVLSNEALSSTQDGDLKYSIGRQDNADLIFNGRAYFEGELVGAILVYRVGGQIPQYDTTTRPYGVVSALLEGLLPSFLVRFINDEPIHLSEINYVTIERAVGYLQLFTMLFSGVLGLLAIGRDPIQNTWRFNIVTFACLWLPCLVLRGLTALDLVLFYVQPAGFSAVVELLPDATILYRTMNNKISFLVAPVLYFGSWYVPSRLCYQLQGWYERKDSVADALVMQEAAAGLYYTAPELRLGWQELPRSSWRDPTVSWIILFLTIGGLGVSISTLLLT,16.9374,0.0,FVRIFCDYELIKATVNSSRMRAAVIVLRPYGKVKFNGMGFLYDVPTGDKRADNRFYSPVDEPLDFVGQIYYNSMDHDIDGESFSRFQENYTDHIIPWYLITPYVSPIFRYPEESKEYVNLGNIILLSYSAKPGVPTSLAVQITALEESLDTHYWMKGTSSFQRNCHSSDVFIVWSQTAYQLQAKTALIEWCVGKMDIPLETSGRRNNPVVYLLETAQDVETQQPLTLSFAHPGPVLFTIILVDGDHSLDCALNNGSHRRVKGLAYLNLTIYAILRGSTFLHARFCTKYKEKIGMLYSLRNGLSNTRVVDERAAYLCSLAQLPIKLVSSMESVFLHGLLNGLLFALFFKIN,17.9281,0.8864
FQSNVFNSFIVTCTFSALVALLGMLPLILLNKGKVMLRSPTLATGVVELQVCCIMCINDGEGHGITLIHDPVLMVAGQISIYQIMFTLNSEAYDYFRINNWIAYGMVGLIGFWIGLQAFAGDYNLWGIHIFFAFLLYVYLRWVCGMEWQSIVLTAGHIFFIRFMLNIFFCSMYFLFYDCLNFIHNTCSKPNFTLCNPQVKKVIIKYYAYKT,18.739,0.0141,GCELETPIPSLFSGFTHFVMVIHLAQGIKQQHLAVTEKYTIEIVPTMQGALNDLLYVHPRSHNHGKPQTVKVMEEYEILEVVDYFGHIWCNEVSKVQMTEMEIRALRLIRVLTSLLAAPYIKSFFATAWGDAQPCSDNDLYDVDRVKEPGVNWWIEGRDTAISIDLNKTAGHTDDSQQQDIISEALKKRYARYAAGNADLLLNLDPIKNYE,17.8951,0.8498
ELWEKYFIRSPPLIRISTTRGVKNYTNYYRTTFKYFLIVALWMRNWDVREDINTIVNLLDLSNDNIGVALNVEILKSAVSYLDGIGSGVEKVELIIRYDKEVKFPGVTKIYANSVIRTLTGSYTMDERIRNAVFAPLMREYVYLRRALILKIRAERMDAQIYLIYFKKKGGILNKAQEDTNIETPLNQILNVMVLSERNDQLLPNNVVIGKGIQYAERAWIPSIMGTPLTTLPIKHDIMLGPTSGVKNKFVALKLSSQANKVSLVQGGVVAGTENVVDKVAPGLYFAIVAMSMKKLIEYSKLASKR,17.9994,0.0195,MVAIIYQLFVTYSFPQPASQADEWLQKFLEKUSAGMLPAEWNNNENYYREDVDKLVNATSCSAKVLLLHHQYYNHHMIIEGIFKCIVTQLSMKRDSVLLNWIRWEMTDDAFYIITFESVTRSELACRPLFVTWVKLSHKALGIVLPANEPVGGITNMVFQALVLRVAWGSLSDAVVGPMDFIMCMSQRFPPGALNPLEIDSFLALYPVSGHIADLHDDIIIAPAFSLAFFFATVEWNLFAPLFRAKACEHLKNIADALADEALLQKYEPIRAVDIHQDEVGNHQLFCGNEETKSIDLFEAQAFGDM,18.7248,0.8149
LTLIRAIALLGAVIMLAFTMTYIIHFDRSFCQIFGVKTRFLKGVVHNLRNVIMRGFNVLVLFIAYKFYRLHWSNDLSLMVAYQLCFIFTRHIFHELFLSCTIGLDERLFMSKKKRKCIACFRDFAPVVTKAPLHCWQSHIISFMVNEGISGIFWSVHHISKKERHREAVYILHAAICVTAIVLFFHKFGKKLSAFIFYIYMLQFTLHWYLSSLICYALFCT,18.9286,0.1211,IYMVCVAALLLRSFLEDSVSNDVATHILAVGMVMIMWEAYSVCESDAYWLWGHCAFAIIEGRDKDLYLVLNSLDKGFEHANLAFITVKLDFGAQTWLQSMIIRFPIGSGVGANAIIWILKHDISAKFGGAQVDTLLNLDKLGRLCCIMSFVERFSILDEVVLEIVGQTNTLIPLILNLVMIGFPPKGYSIADTVSSPDTLKAVYWEGRYETQLVVASIANK,16.8376,0.8117
IFKVGDYTSQEFVRSADREKGRKLRNVFTQDGDINTDGYLDHQIDRNHDKLSRIIFIYKGAQSPEFTSQWTYEADIYPILYVPAGLVARYDEVFQIRSYSVALIAYLGFNMDPEHTYNGEGRFNVSTIRMVTEIFNQFAVGDEDLLANFIYYYQAKFSEPKKSAWYEEGFVTYKTVDDNNFEEGTIKPLSICGETKLGKSYKNDNKATISEGKHVTNYMLLHAKGPITDALCRFTYNNRDDSRLVPYNTNNIKWTRPMYNERSCNNYDVWRIFKTNWLFKNESSVTSDLMKSYFESTYLGPTLADYYDHITAHIVVATGTNPPLLGVLYFLIGRSSGFILPLTVSAQDAIAQGFRHKMVTTENN,19.296,0.0137,,0.0,0.0
FAQAKDILTQTFVISPCELIYFHLFKLKILLNAKYSVFIYISSVAVIDLFIVILELVPKIVHSYEPIAKDFNSMLRNKTCKVFSVFFLLLLIISCSVVSVIDIKRYLIVAKPREYQNMYNYLFFVIIAIICFTLCSNFYWSNNRFITTYMYSSLKRCDYTNSEFRVYSMMMAFALPGFILGVVMLIALSYSYLITLNLWDFEAWKNTYVQIWPIYFALTLLALLYYILNVYKNKLNRNYKNTYGPELLVLENGLQGKLYMDVIWNYDVLALMTYASPAVFRYTVIEVESSKKYTKSIYIAIQLFFPHHSFAKLLESDNMKVLPDIDIFRPNELFKIERYRNVAMLEATKELSENDFVNHSQLAYLIVNDDSELVSILNDIRQLHFSEDILYSSCFSLSFIVIIVNTFSDGKLRTSFFADGKD,17.4914,0.0071,,0.0,0.0
DPKLAINKVNVGAYGQSYTLDAHILSIRLEKAGETVKIASIKSPNETNSDVITAIELNLTESAPNKLESEDLRAAAKLALPVDFAPYLQLARAKEILGWSSEQFKNLQAENFYTLEMHFSDIAMRLAGDFVINKGHAVIQWVNEYHSGQNVKDEVPVEGKVYTFGLVLTRGDDGYTILIIACGVALVLSVILQSKAQNIMSSASVYHPGTKHIVEKSDRENFAYTLLLSFWHSFIQKIVILGLWRIAKVPKYTTGFKAACKLSLGSSLERVIAVNVDIPNGVEDLLAVAFIFLVGLLTMFTILTQNGYPAGRVNGGVKAPIPVK,17.1145,0.0031,,0.0,0.0
GDTPWFDAKVVVPQHYWPGFRGIAEAGNWAVFRRGGAFAWLAGLVAVAMLIALVGVYFGRDQRKAAVPLDFGANAAAIGGAGETLVIFVDIATMVMDNNVKTDIHPDYRPKRNNTAAGAGVDPPYDARGVGTNYIEGDPLYSAVLQYMMRALAGRSNAH,17.7633,0.2236,QIAIFFRTLLGQFALSPTLDPFMERSETELGVEQYRMCDKEVLYESVLGAGVNTLRVKFIQVAKSTINAVSLRDAPLPVLEGCPDDYISWFWGCYVFQFQNLFSTLEGHGGVEEANLITTIQINQLYTTWTAVQSEIIGMSALCLMYAVQNFLPTTQLM,16.7141,0.8758
QKDAYYIAVTDKLLNSVFAIFEVVATFTVFATSTLARSVDHFGFIDDFFPSFVDISIFNETADQFRRYLKEAGVLKLTLKTHGQGENLITDKEAPIDMTVATCIKKFYNLKILKTAIIFQMADQAAGLGAMIGDFDIKLRIYLKDFDSKLAYNDRVNLTSFFLLPGLVALGVWMYAGGGSEGLVVNIQASIDFTALPNEMIGVGMEYYKPIPEEIGEPATKWLDNFFGGMKSGTELNLANAAVAVADVMPYEFVEEAKKTTPVFIDNVVANTAVIVQNRDIRTFQHQAYNA,18.1256,0.1399,ADTLRDYFLPSLSRLINGTIYGALLQVGATCUESITLYGAPIDGQHSKGRTSLMIEHHIPQWNNDPSMKFLEQLFILPVFANQGHQLIEVEFILSFPYYCGIKVDSTFTTNLNLQLKCTYCSLVGTTYYAQKTLVFSFCSTLVWAGFRPNEFQAYNELITYNSTILYMGAGGGHAVRYYRAGYGRQENGKTWDELVIQIWNFSVAIEPKAIWFKRVIYISLVLIFSGLGTGYCDGHNGRMLVDLPYAHCLALDTCFNTRKEFVQDSKCLLAFFWHAITCFKCSVFDDNASS,19.6949,0.7952
KYRQVDRLEPPEDTHEWLFWIHLPLTEWEEVILSEPNQWQGFRDVRVFIFVPTCVVDFETSVFKYIEGNVFLMSGIGLVVRAGMQCQRPRCAWGRGYDKIEKHPDPGWEYISLETPLLRQWADCADTACMRLLSPFSMEEEVPEYVADAKIFELSEVKVQKVIRKVPRGEYKLPYNGMDADTGFRHRDTVDFQLSLYKTVQTICRMLNADLPPPDLYGRASFLIVEQRIAAGAPRADLALASYGQRNSWKSIYNRQMGVVIGHRTNILNLDMNILQKRSNWRSLQQAIARQQLVPSNYRILDIRFKVLVYSLGAGIDLEVDLAVQDGHANNRPVRACTPEVIDSEVVPELPAARYVMVLDGQSQAVQGEPKSIRNADVSEVLKAGLNPLDDYEVHEGQSCARSPIELDMLVEACSNLAREVLYKGGRGCQVRASANGAQTTGDGDKMMSTWDYFESHGIVVDGQLQVEEIGYYGVS,18.9629,0.09,MVAMEQFTRDLGPLELDALGGDYKSVTELLV-AIFALDDFKLGSFLCELDSHLYYIKPLILKVVDQTHLQRPRAEGDVCFGLAYFGAKSSTADRKGLFDQLMRQSVLDRNNEKMAYGPGILKKREQYGLILGTFELGHEDWLQSMAGIALVAVLVHSQYGVTDPIPPREYTLNFFPKIYTKPTVFKLHRKAALNAPLLATADGYKSVCAFKQGDMTEEFVTKVACASASGGFTMIGYVFLTSQLKIADCGLSWLMGQVCWADMLIELCNLQEWSHLPAKARHNQNGEGDPVEGFRKGWMLTELEGTKKRTAGADYDAKTEKVLIQQRTKDSLNDLHPCTEVQELIQPPEDIAFIVGFVDLRYPEVNRTPSLAVIMTNILTDTANENKFALIWTTNDALHCITSFTKVQVFPHTAAVVDRDEQLNDFQLVAEKNSVILNPNVKRAPAPIISCQMADNASQLNWVEFNAINFFIGKVC,18.9291,0.9958
RDLEILWEKPEELTAELKDNKFHRIVFIRMNEGVPGGTLCKLSAGHVYYEDFDSTNLTYSIIYVNGDWRHDRYDRDDMRDMKAIGDRGFTGYFNPATIRDIFVNVYNPHDKSYVPVANEVSRSSAVLLDELTNKTKALILGDDIACFSLRFRDGSDIFNNRLRSAFQMRDIMETLAREYNILTLFLIRLAPNWEYADDTLHQFQAAIQYTFPNDAEASAVTQVVPEYKLSWDSLRNGLYTLAKGKVDFIADKVKVYVNGTRDNVDLALQAVLRDKPATQAIAVIDQLLDNTRDVIQRSLCQYADLCDIMLPTGGKLKLLLPVDLVELVGALPFYRDIGDPRADGDAEDLRVAVLKADRRAEMFERSCFGLGKSLQVVPVNGDRQREIAELFKPFVRVRHINPDTQELLKNQDVLLFLTKYA,17.7911,0.0071,,0.0,0.0
ESVAHVHGAAQLFNVIDFFGIFIVGSISPQRTRSFAPTVWNQYLSPSFYISQWVHLVAILVHDMLYQQYDDFSDENIIHAIICAVTLSFYVSCELKELGGLRGYSLDVDTFGVSITGQEKFSNGFKKQIHANIELVVDTLSRASMVMFSASAFGIASVGATTLVAIFNNIQPIDRIKVEQRTSFSTFTAVPVPSNPAVPERWVLEVEYPHLEIANDTSRLPIIPPQKARFESHQTTICLNDSVLDSVEAIMHDLKLIYYNNPRNLPCTKGGDLWLRTYDFAQNYIKVNVEKTGSSVIDAWVDDNVTAIKLIFSGFNYTDKIAKTTSCNSPTYVRDIMTGVNEDVEISITNLEVLCNVPEVSQVPDLLSSQNTFVV,18.5603,0.0133,AVGVMLQYCGALLIKEMLIEFTGQKGGWQIFQNNWSWWLSLTNKSYVRMRKFHHDKLELDNEARRDFATEWMLSGCVNGGAVMQQAITPEYKQLALVFHSTFSICAVIRKDTINYGWPTILLTQKAKLETDILPTGVLLNFMLVQGASLVFASFQPMESVANLEWWYVRLLWTDEMPFRSAVREFVVKKVPDKILFAHLMQTPSNEDPNNFVTEFNTLGDGGCEIRHILMRQLKFPTGMRALGFPLTFHSNGQYNGSDSYAKAPWIYILLDALNMYVLCYLWFALAFAYEFCLQIWYEDIGVLVQGNEANNVSKCHVMSAFDVDFLVAQVKNFDLDNLGMQFAGAVALHNFFIMNFADVALPVEEKLEAEVYSMD,18.1475,0.8488
KYELVDNKALMKWVSKKVQKWKVSVYALVNCSFVGRVDKFMRDSFLDVLPRGRRLYLIPFLFTDCWTINPDRLFWEPEMHDKQRERKFWLFYPENPSLGGYTVGDFYCLSGGNVDYDHLDYQTVLRLRHANVLLTIPQGDRHANEWARRDNRSSLMQPNAKHPGLKAECVVPDPKWKDVRKVKFWMGVKTVV,20.2121,0.3454,QISNDHHDGEVVPMAKYVYRGKLYAFDEQYSMLILGSQVEFDGAIPVHVLVRMCNIASRAPTIYLQSMIINTEAHIFFGDGGTARLHFIKVTIVLLEGKHDDAGGAVLCWWGGKVSGFVIWVANDVTKVVQKIANTLDAASRLDLKENSRITAAIAPTNQKDARAVELLAKVGIGQIIDVISLLVFDDKDGE,16.9158,1.0
FILADLRENWRFILTLSLIVSALLSFRFYVFFTLLMPGEWVNKPDPWPLDYLASWAPVGFYLKAFFFSAISAVVLLCGCTSERYRLQFEASWFHKLYWETFYLNFIAYCFYHYVLHYLHGLLTMLSVIGWMIPQVFWVWAIVQLPYAAIDRSVVFFFWTFAVFALAGVLVGLLGFVRLIKFTFFWMAWWNLEPIVVGLFLLEEPISEGFGEIIAGYVVDPESRWYYYRTEPWHYFAFVYGIVVLYIIMTFSGQK,17.5734,0.1953,,0.0,0.0
GDVDGNADDEKVELKLIDMPWPVLETVNIDRYADALGRVSVYNLCGHEGNEAPGRERAMFKEYKLVCRTWNVTPTDEIDYARPLDAFLLASGKFDTLETYVSLAINLHWEADAGDLLAQAPVLGLLEKITGRPVLAVAVDNETILAKPYEWDLGKAGKWSTQI,17.6741,0.2667,DTLFIFTVVEANNTGQLVPAFVSLASAMITLSMSICWRRFAIVCHAFDLSTYMDVGDLWAKLLICIDIPVRGGTQQADLDVWLVVDDFYSSYDVCFIPKCIPFYQKLETVSKWTDVMEIAGRDPDSQLVIACQELLQSIVMADAELNRMSQPNFKASREWPQF,17.7922,0.903
FNEIPLKKRALCPSVIVLVFVQDLFPVVAQPLPDKDKTFYIYKGLAFYNGIVLIVILKLLPWVINKARHNWVFELAYWASCLLAVAFAAAIHIIPELHYGAYSQVTSAGAILGFFSAAVFLGCPNNDIATLPFTIGYATSYALLMAIFKCLNSTKHIRGDTLTMAVYGLGIGGISTFMTKGVSGKFWFDFMKITADIKFYQIIYPNGVKVNIYIEQVLKKCGRVVLMSVIACCMLSNLSLMPMFNGLTANISAVKYVSDLRVPLDWNSNEGMILAFAKITSLFSTLIPGGWFFSVFNFMYSFAYALPSKSSVFGFSVVAVSLVNIGIFLGTFADNFPRVLDDKIWSNIMIGIASVPLDRSLLYTFSLDLTPVFIGIPYNVRPALIVAIAFSLLFRYLGKKTSFVLNSLTFLYID,17.2672,0.0024,,0.0,0.0
VSHSFKVMIFSLIGVALVAIVSYATGMLMYGVGTVQLAIAFLAPPTVGLIPLILFIPNFVKAGVAATVTMCIGIHVHFVTRTMPNSFECSYGWFDVGLEFSVLFAFFIFLAALFYWVLFPWIKKVPTDRLSDSDDDFESTTCFCALCSSWCSSFTWVGVLFILIYLVVSQLNFPVHVVVKVRPRAITD,17.7108,0.2632,PWLVMPYIKLSAILAFPKAFVEVKAEGADIEKPWSQYYGLPKEINYGNSKYIPVWAEVFGFLKLKADVAFYKKYVDTVSASDIQIRYEFKYVSLIGEISQSFSVTWADFDLLTPTLFTVPLNVRCSILNKELQDAIYVTEKMGCWLNIPTVNDFDDAQAYVNLCRPDMEARMRSWVFVALRNFLFQEL,16.8835,0.9
DGRRETLVFVIACAFFLVGSVWFAALLCVPLYAVATYAFAGRNNALRPALPVFTGALATSAVTAAYATVWIGTMTVSAGRAAYAAVMGALAQLPLNWMNLAAVLPDWAGYLAVQFGTLTEAALGLDSGARVAAPRDAHARFLLVYAVLGLFGLFLPVRDVAIILGFDWPFIEQPRRLGTELILTFALVELRYEGLHNRVRPLIGVATYVLSVFLFFTNIFARTSPFAARAS,16.6384,0.1288,FPGLAPRAREFLAEVEWTTVVGINHARGRLPDFRALVGSEGDAIVSQGQRGTGDCERTGLPADPGIASPYSHIQRDRSCAGGQFAASTVLWTNPPPLLGESQVIYLKALAMFLVANLINLLATKKNLVILKCTIGGSLHLFGVKIPILVSYLTIFVEVPYVFITVLLQWFEALVAEDQINDVAKRLINAQHVTKIRFFAVEEICLHRLLVIKLVVIPQTYHSKDSQFGAVY,17.1488,0.8841
IPGMVVVTWETFRYLDVITSVLVIAIMMLGNDFVIVILVQKQFNLYDVDAFVQLLAMADLLFIFFQPFYFRYRYQSLDGSEEFFRFRGLFPSTAVYVDLSTLGAIAIDRGLGVYHPAWGTLLGGLPYTTGLAYIAVGCRVTLNVGGSQSLLQDKWFLNSSGEYLVGRQLYTSLMLGIVLFGVGVFLVVFQATFTEKLWFFNLSSYTGILLPVFVLMVTGYAYFSGRRIESLPAVKRRKQRAQCMLRGVQVDYELVDEYYATGANFQMFKPIFPGQYTVSYRSGLRSENITNILRNHFLKEIDIGYDPRITLRAMTSLLVEDSKSEVRLFVPSKRNSKGHIEASVDARRQIQNNDIITLKVFFSRPPCDTQQVEVVTAGGGAWIGIDHFIGSIDQETTLSETQVAFYGKAANAYVHMVDMLVQYGAQIHVSDDAVIAACRTFRLDMATVFGNVTAL,17.7734,0.1138,MIQNYVTGAKQMEDFRSEKYPSVQWTSILQRBPAINMNDYPIFFMICVISGKEGKVCMNTHWVGIELDNVFARQVDKEDDLAVGSAFVVCLFSFTFIAALLMKTLEVHATVLACPAKHLFEMMSILELAQPVGELQYWFFGVDKKFMTAAGWKIYNSIVKPGVDLLNLLDIYFRYAFKALEVFTMPANLGILLIVSSKIYGLMLVSFPGLSALRKHRPQELKEGWLNMRGSGVIICLMMEDQDLLGKTEVMTGLGFDLLKKIANQIDAYPDDPILSGFEIKPSRSERHLMYGVAGDVTGYIQFNIRQDKMVPDVYADERKWRHVDGDSILSLSYFPSGQPQTDLEMRCPPTFLAGENEELWSLRLEDAGGLAIFTTDVILAGSPFIGASWRQAFEDNQKAIPHLFYTDNCLIECSEQGKFEWLLALMEKKWFQFVEVVIKIFKYIRTTVDNFAGY,18.9762,0.9015
WSFFTENFSVGLTFKRLFDHWFNVEVSFVKDFNPTNQSVSDILVADSLTRAASCIQREEWHQYLEDKLLLTDWAFDFSQIKALIINFYENPRQRLLLHLENNSNFTDAKPYYVLVINNNEFDLKPKYRVNRTGALITFRLSTNFMIYGTVFFYHEFFLDDIFMRDSKCKQVTIKTFNEDQDLDFCSSVAFGSLYAWYFANIIYIILPILLESVYNTWVQCTVTLKNLVETLLPLITLYFLTYSFLVWAFQLLYGVFNVATDTAGMSYYFSIWQYYFCIQIIGYIFSSVYLTYCFLSYKSSHKLLIYAPRNLEAYGEIYDKNIKEKFLLPRIFLAQLYVEDFHVEPRHFRYTYFEFNYFIVMKDSHIEITELLQNHFERIDSCRDLTILGNSTFQT,18.8312,0.0025,,0.0,0.0
HGVNVFYNPWPEAANQMFGFLFSYFMLRVPSGWGIDRSRPLRKFSMYVWIILYFGLVNAGPMKYYGELREQILYEYNIDPAREIDVGMSDIIIDKKVSEKMLAALQAPARRTYMCVGERPGWGLCPNVFIKEQGDIVLYGFFPVGYGVSTAGMPTGDLMFDIFRAQHGSPPSPYWYRI,18.8787,0.1889,FVWNYKNPPILGIAIIQMRGSKVVRAIQYRIQSSSYDWSEDLFHFTRLYSVLCHYGESLPPAKCDTAMCLPADVIAVSVPSIQIGQIATLSEACLETIHDKILLILQIDAGYGSLDHDMLKLAIVKIFYVVVRGYALFADMARLCKGCQDGYLLAPQFDVRFGLQVMIKEFQRFRESD,17.2473,0.9833
SLCIQLMDHYPGIFSAESDLSKCWAYNPRLARCTWRYYLYNFVILTIIFVTYVRSTLKVKPELYAFVCHTTNYPHHVVYFSKESYFSMLHTEIKSRYTGIWISYLILLVLFIKGAIPIMRLPLKRMNRDDRKVRTTLMFIYLIWRSYRSLYNVYFPLFSYLCFQITITIRQMTQEVEWKLTLFMFPFIMAFGVTRLINMPPFQKEAVEAFFYLPKLIELLVGYYSQVDTHVKFDSFISLFSLACLSSYSLSVVTYLLQIHVFKYELPKPTTYSQAVFLSVSIIVSAFPLKRTVDDGASNYNKVNNYLIMIFGIAIMLTTALLMAHGISN,18.7805,0.003,LITIDVLAITGRCILYIFVIRAIMQAAANWVRSDQTEDSLGVFIKYFGWYCIKQLVSRDNYYYFIEIYAVHDMTNDANDLIIVSIGHICDLAIWAYERLLDAYGLVKQVVKFVVQLVCPTSMCDEVCWGLVGVARDDFVSAITPNQQKALRDFNWSDTPDDGLEFPSYAQNLELFVYGLLLVLAIAEIYRDNYTLDVIFGAEILPQLVIRLRMILKVEVQINGTPSAVLRLLELTSSWLCGYPKNDCRPVHVSIFQIAALASLRTRILTANEASKTELHRNSTDKVMLIVSYQIKTLVIFGSESLAVELHRVLAMIGDLIPVHLWDANL,17.2973,0.9063
VIKIFKFVIVSVLIVGIIGLKRPTSFEIPARLALTFVATFAILFSFLVVATSEPSGEPGPLTIISAMLSIGENIPFVIINGLALLFVLSIITFVRGVNYKPPIGLEMEREILYPKSVLFVGMLFNFVASMLLGTNAAASDPNFAVVAISVGLGIPLLIVFHKKSALILLIISMGIIVLSSFGQMEYFTTIFREVVVGVMAGVVALPWYTIRKPTFNFAVAISIAVTATLIILAILYFAAIGNPDLNDMVGTILQAKAIASGASVRNRYWMPAFYFPPMAPLLSLNDAGGMMGSIGAYDLGNGSAGHVVRSARDLDWSHIHHREGIWNGYGEYSVGKAENASLPWVLAYYIQQVWLVRFALSKNAESPRVQPFLEPLPIVNVTAWLIVFGTGCLVLFVPFVGINPSLWIVGVPSTGLILALLVFSSGDFSRRKDDDRQLVILKHYNNVV,16.8013,0.1578,AAYLYEDNGGCYKDVLLRKDEPDVWMKWFVKLKLLTVTRGPLYYFANYGGMEVDIGEAFRSFLELGKLCHKTEIREDGQVKQRFLGDINVGASGGTIYFIVYFSLYPVIDHQMYKDIIYTAYHLTVYIEVGTTAPDLKLRSQCCIWLDEEIETLHIDRVIECEKIIPIGRTGFVMILTKYDLQLDVTYAEYSIGLVATYTDAMRWFSFQLKEARTPRTEMYSLGGRKFWTRVVKCIQQFYQEAVDFSYWGADQAVFTAITLYIGMLTKIALFIHFNINKGRLNIGRVLWRRKVSRIILYVAIFQRYSNTALALLEVRVFQRMLQAASPAKATLPAIVAIKVDLYVMYVYIVLACMTVFFLALIQPRDTGYAKMVRGLYAIVRLILTDEIAKLPTISLNRKVPRVLQSLAGVGDQIRDDFFLATYNDTHRVLRPAYDTPSVWKAAFDFL,17.7374,0.8022
AFMIRDEFNRPFNWAYWKSRIPGWVNFIPRNFFSISYMPVGRQFGARAVWFIEPIPVVFFLLAFIYNRANFAESNRYQKFWGKSGLMGGGLEMWATSNFKRVVRIYAFFVGLAMWHVLDNTFYNIFDSEMNTNPWSIAPWGLTAINSILEGGTVMVRQGVRYRVRLKTFLPVHPQ,19.7197,0.1864,VTTMHSSSDYHELLNNFAPKYAMVIVSIDASRWGICYAGGVFWIYAHAGLYLTRSSQILHIPIDFLIYPTKGLIPSNQCVCRYIVSSEGAREFARVPLFVILMDAMSCAVGVPWEVNIKEMHIKEMKFLASDFVVPPVCRRQCMGTYKRFADFQVLLVTIIGVSVKRLLKCKGPI,17.7018,0.8814
MSYYPSIAALFAVIGCILSMIFTCLAAIKPQLISGVAGSAPFPVARRDLWFVSLVRVLALSIIAIYGLVVAVLCAFMGENVILNFGVPHVMCGLSLILACGAAGFAAGIAASNAARGYAASFGIFPIAIILVLFSELVALIGIIVAIKLVPRSEKPLDL,16.1353,0.2236,DFHFFIYSYVEQKLLSWTCRLLQAAQWYARLUWQPIKKRGKFSVPGPPLLCRVYTLRHHWLICISGFSRIQSISRRITKPNFIESSATNVCRDTYPQGKKIILVQKFLEKNVGVNLLSPVNTRSSDATSRTAGLRMYKDAAAAWAFLLMFEAFHVFKVC,19.3175,0.9255
GADTDYSQEWKIIVLSLFLLILLVGLSCEVLGIEVTDNVKCLVTPPKAGYEAPGRKALSTGIRLVGRLLSAQVIGITVYSSYLSLCLVGTESSKLVVTAFFYCAIFGALVLFGWFTATYFITAVFDGKIGYAIGIGATIGLRLFMGNVLPLAILVSLVMDYIVIAITGFLAPLHARWNMFHDSIAIHPLYGMLMVLWFVALQSLNNDLILPSYVTASLYAFPANFILLPNAQHPFVNKGNELAMTRLHHIGTPHLPEGQFISLPPGD,17.8392,0.1004,MGLIAIDITQNSEVYTGISQKAYSEGCRLGNQSYLVQLQELSMQACVIEDSVPFGPAEMGVIVDKGVILLRLGEIEEIDLGRMPDLMKGSAGKYLIKLLEANDMNNTEFRVGELFHRHLLKLEAGYREHHDDNISHSLRWWPQKFVTMNLPTDCISLLTVGVSLTLINNETYYGEKFYAVLEFERLVPIQYQLHGVFVLVTPDVVVTGIMHRILAGQAREAISVTLGTLFQISSAILVRLQLSIMCSLIVYQYTGHTFMMEPMLCIS,17.0714,0.9442
FPFFTTYKVPTLIVKPIFMVLSIICCFFVITFLQTFHWPTPAKSQWAYIICFGDAFKVWFVDILWGYGINGPAFLGLVTGVFLSTTAGSDASGTASMIDNFFCTLFLGLLFYEPALNLYAGYSNLELLIGICGDWFTSDIPSGWSIKISGHYNLCLSIFSMGSCTFYTSQGLALIPIALLPVFVLSVMAAALKCHDQIPNASVCGCQGNMIMDPRGFHIAENPIMFALGSTFNCTAIVFSNSLKIGIAAVMYTQNTFPIFWAVTLLVAVCFALRLKEEVKGKVYVTSFIIVVVFTSFALTLVVN,18.2775,0.0882,SHYKDCATAVHSGLESQDMAADLTGTTSPATKSSAYNAVGWRVSPSIHMVATIAIVAVLSWLFSNELARALVGEPQKNSADLEPIGCVGVDAFQAKWFELDRIILEYRHESDLAGITLQPINSSWYSGANLFNKTLVPDAEELYLKVNDSRGAKRIRDLTLVLLVVGEDWIALLRDIANVEQGQLLVSDFQDPLGNNDDYYEKRITEGWSYRYVISEETRIFACAVRVQWSFHSAQAPVESEYQVKGKCTILVYMARHSKPHALYDLDADCGSTLEFYQIRCMAMLVEIYSHHGKKAGLFLLGE,17.8081,0.8791
SINQVNYIVGLLVLTLLVGMIQALPPVIYDAYGRVKPEERGIYLLRRTNVVIGQEFLKPDIVRVLLSHVFGSHAFLVYRSTALLLVKGRARAGRTRNLGIGMLGLGISIGILCMITRYAFFYYVYAVQWQLSWAVPLISIVYFLLHWYGGVMLYKEWKPQIRRPNIVEAE,16.8014,0.2558,TTLGLGAYEPVERTMALGWELSVGVGYWFEEOTEKKSLAIYICCRPDRFMKFQLESPFDVDQKIDATAFEVDVECRVEKVSVSSFNSRYPPYAETGVYNLQYSGREYYFDAWVEVGTVIYLYNEVAKCFSGFDASWELYFVVHMANCCEKPLLMEYDVVGRASGHMTKAT,19.015,1.0
QDIGMIDVQYGGARVQKMTVPQNQNFGYLNTAYLSWRGQYDDVFTMPKNYTQMLPLLANAGFAAYLFDIIGYIYSVPAASIDEKYGGSADDMERLVQMKLHVIVPEVEIALLGARQAGITMSFMKENDFLDTYRYFFQLGDSSYPQSLTYGDYTGWGNMWGWIYSVYAETRLQHHYAFLDKVVNLPLAGGGFDPHFLQVKTSLPKLTGISVFNAVQPLTGMMPAGFTAAAQFSAGNWFFALVQIMFANGNAYNMFTGNEGDGALRDTSNHALGLKRNYQAAGQFSYTIVQDDMTYRALSETLDVGGTAQELLTYQLNFDLGADVQIEHTMAMYLYRYVKYNAAWAFATSWAFGSWMYLPDGIVMVDKDQVAKKVPHFYD,18.5852,0.0184,QITEYIAVQQTPNLWVAIEYAIARLSNLGLLWLVKGFFKYATQIGVLIYQTKHLLHYVLAQIGYHAWSNDKNTTPQLLPRDEMEGYLPLRDATRVTSEETAKLDLYLIVACDTYRGTPVMEESDLFAELIVTGVETKAQKFQVDYGRDAADDKKTEVNAKKREYRIAQRTAQISAFWTKNYAILYIPDTFAGNNTKLFSLMSLVQYTPDAALNGCEGVLVQLVMYIVVTIVEAVGHLVASVDALFLDIFCYNMLTSHEEIFVALWLQIGGHRDCQGDANSQSYMFKAMRREEVGEQLLICGVYFTTLVISYLLITVAKFRMVLTGFQWRPRLMLFGIQIVNYSLYIQFRLQDGQPSYHHTLRLTLLSSMPEVGIADRST,17.5565,0.811
NIAFVRVNDAHVKVDSLEINEANNMWNYIDKVNKSKAIAETITVGSLLKDILISFQVWPRPKIDLPDENKYVDLVEKIHNELKIIHKDNFSPVVIVEIEKYKGKVPYEFWLRESGKEKYLYALEQVRDYCWKPEDEEFEAKMAAEVEKDILYFYFKGCLRGVFFDSLGNKDDLYFGSKVHYIKVYLVKFTEKVKAVAPNLRKLKFGNPPLEVQTVMKAGQLFMDNEFTEDAKCCIEIVIGMFLIILGNSLIPDVMVSILECTLQLGPRKLISHEIHVTDGLAIGVEIRDENKCKHKLAAENIATN,18.4244,0.0489,LCGARSSHYDFEIKINIGAGGGAQANVLEDTZALDYFYGVNPLNLAEYSVDLNTYSYEDTFREVAAVLAECKAPKHNTESRGQRIDELHRKPGLATKGFAGEAVAWQDPQDTKDVEIKEVHESPMIGCLVQYSTPALIAFACSIAGVGDQEKIVIVLANYELGVFRFVYNTDYKMAHLWCVDRGVSRYAFHDAATYSPQDLGSFMNAYVHNHIDRQLGRVGEPDVFPAHGGVYACVPAWLCWVPAADLFKLLISGVNLAVSTVAETKHMWALGLVETYYPYLTLPSHINSVADYILFVIAGPVKV,18.4834,0.9544
VKKYREAVTEKALYIKTFFKTVLGGTIGISTGLDAFKKTLKSLYRILGRLGLMVFLVDLPLCAIYPLLPLSMFVYHVHTGTVVVELVHGGETVHGENGVQRLFLAFTLLTLAIYIVPFEFIKPKGGGEEELGSVRYKRVIKDTGKAMRYVYGLELVALFLSVATIAVYVINGPVVEDVRKAAGVVDGISKHVAAQLWALFVLGVIALNFAKSVIGWKVVSKSTVATTNGFKAIQNLFVAYLLPGIFIVLTGDVALIDFSDGFGQIMSIVMDGQIFKLGYDPFAVILIGLSILFVVRFIYLVTVQDYRKAKETFLNAIDYQGVALLSNSNTATLVSKFTQILDLTTSDQVVLQQSLSVTGIRQYDVTLLIQGAISYNIPGYFAPIFDRSVSQRSLLDTLNTFIKDLETLIVAVLYFLTREFNV,16.4553,0.0071,LQHIRPTKVYEVRIMRCYEWQVQIMGPFDSKRVGSENGLSQDPDVFAFYIVLVVKHLFDPLRGIMITFLSVSLCEQDVLPYGDITMPFLQIQTELQAQNEVAAEAFEQFLSISKLAAEAWMENLAYVKLMPFIDPAIWFLAETLLATCQFKTRGWVYDVLYGVAVYLFAKRARQYEGLKCGWITEVVQISVNWLYQIDSELAAITMGIWLHHNPLTPGWNVSRSDMIRNTAVVDFNFTPIVLERTQKEPLRCGVYNQYVLTSPDLLEGEINFDIEEVVMRVKEQAASESQRYHTIYDYFLFYCFMIDLLYTAEMTGKFDNWYTFLTLIHNVGVLGAVEINWWMARYRAMVLREGGVPILEPYALVEFKVASIKRVGKERSTFIDKITPQKVSNIDIIMFISEPTSLAAVTMFVGTVPKKCGI,18.1909,0.8986
NVKGEVTHKVCVASEHFGSKYPVDKLFYRSATPWFHIVDRTVSKGFSKGEVFTSPEIHSEQLVTDLIIANNHGEPSLLGFTFQRSSFIPGCLNYYANQNGYIQDEVISQRLLDILVVQKSKPVFDTTSRGIFVGEPFDDFIIMGTAGNGLTYVPGLILEAKLEFKNIVLLDQIIGKIGKNFVMDIKKFDSEQLAPPYHGQIFEAINLCHLAYMPTHKQKEEFLRILDIVANSKDAFRAQFNIQQVLPLLQNPDRTMIIDATRSVKRLSGTFYIIKFTDGTPIDPMYHGLTERSILRMDLLPQYIIFTPDLKKWMIGGGIGFFYLIGATVSVIFVVGSSKNPLI,18.1293,0.0,,0.0,0.0
PTSTIFVYIPDRENVDRSGEFLKEINNLEEVPLFVSFDDKAMCKEKKTIWLQGHQGYRTEIYVNVNLAKDLFEYLQVSEYNAYIHEKIEVCRRDRTDRHASPTASYELKANIAVYPEGIATNKYEFKSMKVDIDNPRIAVYGKRMLKVRSIAMGGYTAKGWNIFLEGSRKEGERSKKYDTPYDTAWWLVVFWIGYGSGVLGSSWMIWYAGISIAFIAEHGYFKHLGWVKGKRGIETVEGATGQWAVRVGAILYSEEFIEAANTFDSEKVQSDYRIRLSFGALGYYFEGIDSAFDGQGASSGNAGIAGVPLNAAAESYNNTNSNIGFADIVYKPLIQVRKDGFYMLYGIFETANYFWANWLYRCCCHINQ,19.049,0.0189,AYVNLSTVINFRKVDPNCVQFYKCYSFILSIANDLLETVATIVLSRGDNQDLEVMVLFVVGAGADLFHENVDNKISESVFRASGWCTKTTRKVLVYYSLFLTLHCCKKFLGEGSSNIDTLMIKKHEEMLRGHPVLESVLPGNNFISQGVWSFFMGLQRNIESNHEIASGWMCLETPDAEYDDWLQKMDFSSQWDEAFTDDYLKKPTWAMQQFSNVTAVDFDIIIAVFYKLEDIPKISTCTEVPIEHWVFDLYFTYFVLDSCIKAYPNLTFMNIEISWAVQQVTALVVFVFGDMWGARVEGSSQGPLLLRCHIETVVPSKPVLSGLLENKNFAVNFSQSLPVAYDLDTQKHEALDCYIYIGYPLSVCTAG,18.5523,0.9946
MFMEKYAVAWLIGLIIAPIFIVGIVTSQTGLHLYVNVAWFLVFIIAPVGRGHKLPVLTSVLEVFGIYSTTHGSLIIDRTVSVVRSLYQGNTLAYIAINFAPYCVTTAKFHPLSFALAHYLTQLLNCESHIFFQAFDIAFLQVASFMSIALAVYKATKSPSTLIIWDFPDNVKLWNFSWFDPKGYQRAALGGSIKFFIVHIMHILSPVGWGQYEVADPERNLFQGMATMIGAFLYSYGSFDLPIASHQMNQHLFSMWTFWSNTDLLILSWYFWTVTRGGGLTGLIMFLAPILSVVVFPIFFFCFALLYHFEGPTGLLFVFSPLLYIPHIANFSDPRHGTTYLLAVVTSFFITFLECANRKGTISDGDILNSKRLLHSPLEDIVGIWWAYIVYSAGLGSADVSRPLIALGVFFVFMAVMLYYMWEDLSITAIQEQMESNSRQFQFMRSL,17.8387,0.1759,GLSLAPPIVGRASMHPSKGTWENANDSEMKMTHTKVVTEQTRYTLCDLWVLGFLLTTFLAAFGAVGYQPLVLNTINTAYLKLAFHDILKQLVPIWVWHNAISSYFGTAASPGWSYAGAIGKPFDFFEVETLTLLFMLNYTYKEDLHASGNHHIYSSVSGPPLSDGADGLIPRLDADPSDKPCATLFVANFERGLAISISATSKILEETGVSKPPRAGNNYYEAIIYNGNLIKRAAQVLMITISDGCVEYLTLGFIPDYALDSMSINNLFRHELISRCLLYEILLVLTYWISIIFFGFASNWELAEYLFTALLKAKETNAIVSVQLRKATLLVCHAKIVGLYPAVVLLCGSQELWIYMATCRQYEILVFWTAIRDMLRIGVLLKPPVYLPLSTPSYMAALDQSGQTREPELHVAQSWFLTGRILAYSYKYSIYLIHKLGRYNNFCADF,17.8732,0.8085
FTSRTNVKPGLSSLVFVAFFLGLWIYAFSYRRGMRYEQMNDIYYGPQLLGIGPDIQFWNTLLPNIQQSRKQAYEPLITSFDKKVVSLITRPVTLIFLNSMFIFVDNVFLLQAATQPTDYITNAPTYYDQAKYEKLEKVKPTGDQIRGYQNLHIMPPIGVEFYRYLRTEEVKDLLLIFCSLVLVYMFSKMYYADFHGRIAAMLEIAAIYDISKSLFAGFSFWVLGIWCWECATLLTICFTRLLSKELFVDSISKSISGFGGMIPGVIISRWFLYLLFLLGGFLMSLAAFFMYETFESGAANVRE,18.1511,0.1213,SSVTGEPADLTVFLWLVTLRFDREYYSLFVLSIRCTALEVASPGVPLLSKHYSISRSGFLAVLKGGPCGDFNGVDFDIGSERCREGCPRAVKIQAARARPGQLGCLRYIEKLCPPSAFCTVGIISKVKKIKKLAGLAKTIDERQGHVNWYALWWVINGDMNLFWERGSPAVAPYIFRESAWEDINSHGFYGHIKLGAYLMADELFVRFKIKLPQLVDSSDEFMPECAGLTGKPAKVGSCLLLWIIEELKCDYPDDPPKVAARYIAELSHLVLEVYLKVSEQIVTCLLDGPLYMMQQAFPGVLK,17.3659,0.9639
GLLLGFFLTVMNPRGVVTPNLSILFSTVTAISQELLEGNFIEHVSLSGLLEDESTLYMKRLRTVYYQPGMVLSPYNGGTILWVLLCAVVIYRVRRLLLTSFIIKYAIAFLIHWFVQMVPLTSVCYAIFWGRFILDGSWKDGLRLCIWVGDVFSLGKELGVMGCSGVYSVVIIPGDFLCLYCEFASLAANLVLLCFGSTAAVTNRKYHQVKMLRKLTRYPTTNQSDDILKLLAILDFVMISPLLVARKRTPPQERTDYALTETFSVLKMFDGVHSTLLREAYARHERRLSFFLNDVTIERPVNSLIGYFVLDKVLIPDVTKPQPHVAHLVLTICQGNELPQCRLETMVATSGLYNHLLLTNNLEHECSVFVGCGKHTPEQSRSFAAILPQYVSYNPFQSTESTYIRVLLASGILDILLTPLLIIIFTSLFSQRCPSTISSCYILL,17.8678,0.2309,RPRDTGEYPCLFIFWTVHLTTELFKKILTFLRWLQWVFSSFLVFLGVQIGVKVVELRCYEYLQSGFLAFEELLPGIMYSVAIVFALYMMMTSAPFRWKISSLFAGLDKTVIKQRFPLDTGFWVRQGSVYKLADGCNSDKVLRKYLRDLKEHFRIGCAWDYLYVATIHKVDLKIALISVYLNVGVINALILYINTPYKDRATIGHERMGYGQESLVDVYQYVTVVKLFSLTFWIAWMSTVVNAPPLNREIVHDAALGDESEEGLLTVDPLEESLYPDWLEAASIWYSARLFGAYECKAVKMIVVALYPPIILHFTRRPSCTWIMIEIEVGKVRLKVKSAWAVRLVGMVVWLIVPVSEIALSSVSVTFCCIYTPAIVFNLNRFQSTIRIFAPISESEFLLVDIKNIVVLYTSLQEAAESEAARLIYLQQWIVGSLVSCIAISRNCI,17.3175,0.704
FHIHRDVTLGFKHSYDKGTIGYWRHGVFVEKARETNYVVIVKNVIVNIFDLIGTLLERLVGLTMPAQELGPNVNEHVIKYNRQRMKLDLDNEEAHKVSINANKEGEDVFSQVLATQYVLWQKQPSDLNFMDRAKKKGYFRDAGAQTEGEVVVYEYEATLAEELSRTGVSNVFNNRREFKHVPLDEVGLLIYRDFRITFEIGQGELHDLWAQEQLYKHGLKVPRNLEIAMDAEKRIVNQA,18.9237,0.112,TNLAVDGPIVRHGVKQVPGPVPQRWILRLIGGYLPSENTPIPYYEPLRFLPLVPGEFQLLTSNGSYQSPRGFALARMRICFVPSNRVLANNVGVFECKVMAAESKAIPGLKLSPQYPLALGHAGPMNPPQPEELTAFDVGLANTSCGKMDVTLCVNRNMLHCFYICGKPASVISGRVKLFSAKFLMKCAYLTRIVQQFAKVGNMCLKGKNLQTGMRGTSQDACQKVVAGYTKWLLPGLD,18.0352,0.9959
QFLVRRHIYRSILSLAIVVLVMVCGSCIHYLGFSQTIQQSYKYRFVFKIHMSPKATLFFFYPFIAILALMAVAVALGVYYFELSLKIHKLYNLDYWLKRLLLCAVTTVYAAALSIRRAYFYLRRMRKAYDTKPSVEVHKADPPKFYHRVSVNFLLFVFGVCICCVVGQTIVKRFIQYWRGIRELHEHQLRLGVSALTQALQIEAWNKFRLELVLPIAGFPMFFTLTGLLLMIVVVLLVHDY,16.7515,0.0905,,0.0,0.0
VELSVHCVANTAATPEVKQIYVLQGLKDTTNGARNKSQKNHINYGIKLDNNGMLAFRTRPPSLLSYLSTLYDLHITVEQRLDMELGERKLYPPFKDLGQLVRTEDTMLFAREKHRCRMIKIEPKALKQEGLDEFIPQKFMTLYSGADQNANVVIASDSQERGHSEVYSETGKKYLTGKTNSAGQWYQNGVSKYSDQGFALSQGFLPGNYVDALKLGTEAVVHWALQVTPYDNDGDALSGLLVAHAGYVLPKNSLVVKLLPFGKIGLNFGPDLEIQKEGELIVKLKPLKI,18.0935,0.0928,,0.0,0.0
PYALNSFAYSAAMGGFNTLFGGFISRVYVALSLLFGFAGVLYGLILTKIYTRFAKIGWFAASLGAYLPVLSFFFRFGEHFAGRLEGYLQRYAYHYYAWGFINFPGIIVNLYIGNAWRQMMVWAIGYEDWDPAAHLVKLDENRLKPPNWAFFWGNIADPLIRILDEAPLGVRLYKGGVIYDPQTGDKMTIWADNVMDEYMESRRGEEYSQRAPEGWIPYYFNHYVAELQADNPISDLTKERVLRNGKYWNYIYGDRVGRPQLNSKYLDQAVPLYSATRIQPFVTMINYKNELWIFRQPFIVSENNNVSTLLQTEINQKGSLGYQNNAITNRRGNIFRKWWFVGKKILFDMNKGYDPWRHLNQIIRQPQAWTYNRLATANTIEKYINRFLAGNQHPWLTDAKLELVVYNEGKTLENIYKYIKNMRRHINQGPNLYPAL,18.8556,0.1301,NPLIMQDLDLTQSLGAWLKIAWFVVDAWLRNADFATGSRTYVIAVNLRRRVYTYKRTEVILFCPGAWDSPYRVLLDIFQGDFVFLGQRKFEGPSMQKIKQFRRAARKFRVLFHDFGQEFEKTYVCGILGYLSSFTLINRLPASSPCVTVALQLKIYIKQIEPVNATCQEGWVHFAVKWQINQKEPPAQQFEYAGMEVMNMACVPRTVDDPTIAIFKKANLREAWASQWVHSATEPLQFLVVDSEGVFDEALSQWSANPVDLLALRYGRLLLYIDWDDDIYLNGSAGLGFIRNKKAYMPSSSVGMYIKYCMDKKPYRLRPSQAAASDDTVAQRPIPYFYSSEVSMVMTLNTLFMFVGDNMQETLVLYDFVQWLSHLATPMLDDLKQESKLIALIKINIYAQSLVYLCISWCFALFDRARYAVPLPFLVEVMQFYGTI,18.0778,1.0
IWSVGENNVDDVDLFPAADWRYLEGEPPNIDAPRMYGVAFPVHGVAEVLTGLEYWVMTLKAHTYNSASMRARLSPTADYNHSFAPEAKPALMPGIAGQEFGATIAFESWGKALFSTGVDIKTLHHHLTNMNKPDAIYLADVTTSLGHVNVRGWSPVGKLTVWVPDATRWRTNRDKATAYAMFWLKAYGMQFITPMEIQWARHGDIPIPDHIKGPGVNIIWGKYE,18.4835,0.1239,IFDVTLLFVELPELDNVVDVGCVTGSVYEYHOHCQPSVSFGDLLIFMLGAVESGTLDGPWGAITFNSQTYYIPLAQVVEGYVFAGASDGPNPPLDQRGGTGLADDRKTGTLLRDLAETPKGGAGGDTHGAALKGLFLTTQFTDVFRGCKGLRPGVPPTAKYVEVDAESEASVSGWLCLIGSVNETFIMDRGIGQFPESTLITDENVLDLVYYFINRIASYDAKV,17.5535,1.0
NLTFFATANAITFAVLGIQHLNPIFNIQQLFFSFLAYHILWRCVWEVLANFFILQFQQQGVPKSHEHLLYTFFEAVMYLYHLHGFMHFLKPGMQKPVLYCLLAGVAIGFLIIKGFMLGTLLEMNVAVIFCGTLALYILPNINPSDFALVNKRKPNFMYWWIIAISKLCAIWQTFIVLGASLTRWQTLNWDFVFCISFYSYIYGSLPLFTGLISLWAASRSIRTKRKLFASSMVLTTFILQVILLYVALWFVVLIFIIQVFCVQQVDIGGDRDKD,18.0147,0.2717,QAGILATTRKAVELDLPVGWSWYLKGEELKWDGAEYESYLSMIHGQTAQCALPSVKPAVFVLSRIMTSLRITLFQVTDLLQEARLYCSYMAAILDQRVSVGRSDEGLIKVLSKAKLLLSAAILSAIVNKLERPDIVCALFDLIIFHIWVGGQLLGRLNGQKTARHVQIANRFKRCAKDDYKYNGTCVVSGKSGMLSSVQFLHLPQTFNLVTKLGVADDVPLETNRTESWRYRMECFSSADLGTYLIEWMTEHIIKDIQVLRILSGILFDGEPIE,16.9751,0.8949
KTPANKFGYNFDGVKNIVRKGPFVHMVLDKEDSFAKAFINKCHLPADNYSMYLAIRLPRFSLYVYMPFIIPKFEPRIKHIWDPSTRSVTMHRAGILYRLRRLRENRKRTLIRKRPGKSIQISSELGYLISEMLKIEIADEVKKQWVFENVPPPGALEYVVERRNPGFHAFLLWSVFTVVISALLLALSEGLISDWGNKEVFTKYDHQSLGTPIDIIQVQESHALAGALLFTKVETLLICVSSAVQYQMTVEVIVIREEFTYKFLQERRKSIKNINQRFIEYFSFPALIKLAAGYGDLIFDMDLY,18.3516,0.0882,,0.0,0.0
TVYAPKDKAELALVQALLAAPGATRVADREGVLQTNSDRFKRFAVMNVFGAVIDDYVTYHIRITRDYGFNDGARGVFALTLQGNCGSKLGDYRNNQERFDQTYGFSSETHFKDSRTEGIHFNWNHTSAEEYVQKLSRLGEESAQVDRRFDVEWFQIVDVLRVFRPLVRGASFEAALRTFTNYLLPLRNVFDFVNKLNRLHKKFKNFVELPNGKDEPLGMFYPSLYTPETRHIAGLFENSTFLSVIPADFQGERTGFWSIYGLLNWDVSGNMNGVRLEVETMLFGLDTPSALAEKVKLTIQTRDALTSLTGDTDGNVPVLYSLTGRQQNDSGFVFDYTANLGIGVAYGAGHDFRASAVKGDLGILSGIYNLDDNLAKNTLLGAGQHFRSHVLGFLLRVPYFF,18.2781,0.005,MVSYPVLPMLWGILNQRLIGAPRDCFVELDLHMYDTSQAAIEVSEAILYQHATLIAIDEYAFACLYGQAIEEAVRVMKWFKYFQSGIDNISQHTMNVVYFNLEPHCSLTMGEYLRDPEKPYKLNVSIMGAAELQQINVKLAIEENVYRGARSDIQIGDFVVAVITGPYSYPYEYKDVTMELSAVFYSGINSSSVWRLLILEAKVHTVQADNSNDNLRLEEPSSSTVSPGMQATPYDRLVVVWCNDNLKTNSQILYAHTHPPHVYPAIPVIINFIVIRKRTAENLVLFPYGIFITHKVDIEMHHLLKVALGKAFYNSDEHGATVETRFIEYDAERQHGRRFRIGKHSIMTRCIPGDGSEIKLVSEEINSPLDGKEVALKDKGDAVNLPASIVTANSQGFFRA,18.1313,0.9826
TFSRLPRILVWAVIVFVRIIAWGELASTRSDLGLNMGLGLSLLGLFTNAAAGYTVAQVIPVETPKENDADVGAALILVSMLSESPFPSLIDRFSIAFALIYFATIVLGIPFKFKFVDGAYAVNVVPVNFIVGVLFAMIVLELVMIMVRAAYFGRTVQDSGELLSVGTIVGGLRGFHYSASKFAQYLISGPEYSGCFGLFESIYNRLQAGDLGFGGNLPFLGKPASTIFNLLSRRFVLAFLVLFVAIGVSMLVKVIGLSELYTFNVTTDIPLFSPHQLTPTIALFVIFLTPLAAIFWGPLYLLLNPIFTFIKGERYPN,16.4241,0.0063,EQLCLALQVSQILIFKFFYFFFNAVYGDDVRPFVSNWYETETCPAARKMHILGTLIDLMHKKYDFLPQNALVGALIRLILWVMRWDLTAGSKLLLFEGFEDVCIQQASRVPPNDQLRGIKKNSARFVACGWNKGFALEILGYFKDARGEGCQWCQIVEYVICRKWRSDGVQSVRAMPIFAGIYCTIMNKALEHVFTNLQWLIEVVNWYDVWIKDKIGGKDGAREDISVLVKVYLHMFIDVIPHQDVLIYCLPLVQIVTVIASMLRLTVYEITAISGQPAAWTKVSLVSFVFLCDNSQRNKLPVQVDQLLMQHLHAVM,18.0274,0.884
IYGSLHQAMQSESSEFETTQKEMVLSKRFFRRPCQEDMLTAVFQVQNLCVQASAILGFDPPFERDNFFYTSTYLYGQVALSNFTYTYRYFSGKRVSCFLLQSSFWGRIAVFCYVETVKHYDVRAYRKPCGNHRVIGNKWVIRIFFRLIRNVFCSVRDLGMHLTDGLSMCCSSLYLGKDTHDMFFLFVSQMDLTLEERAVSSWLAPDLSIYQLLFYTFHGLMGIKLWLLMHFPYLFQAAGIYPDRCLLATFVLHYLLLLLIPMTSIVLAVIFPIIARFNTTVNKDYRFDQYLQM,19.179,0.1525,IEGGLETVCLNLPWVWGKIVWVIYITLAQPGKELLVLWYFNLFTDKGSFMESAANSTVDLISIPPKFINVFFPNLPYWWVPSNGIGTPLSVKKVVFFVFMLALAMPYRHQVPPQYVFETQIGRVQIRWFRLQGFADVLFTDALNTLDLLIKGLIRMEFKSLKCYTSVDNIFLLFMHGNVFLQTCLIAKKRFEFAMVFTKMFRLPDLEKTINPVHPRLAAQCTTWQVVYANPPWDVFQANTDNRRGDDAKNGTEYNAIDIFDIRYTNGYRLDKILGLPPEIKGSFMTVQFDLKR,17.2373,0.8339
SFKFESVYLVVLLRRSYEARAVSIKIDFNPKLVISSEPSRSYSGPIVIWSGTFKVDVKNLHKGAVDTKSAPNYKLSIWNPKEPGNHKMMDCFDKCPYIGGELEVDGIMDQYSQYKFNAAQDQDLNQYFERFTYDASVSNASVPENAFGLDRFKYCTGDKDFDRAYGYVPLVYCTSKTNYTDMTFAEFQRGLKVTPVAPVLKSMWVNPPPFWQSRVLAQYYDICDLNGVYLFNAASLVFLKAPEVNTDGLTLQIFAKFQLSSTTSVILSDYSNA,18.9014,0.2145,AATGMIHFDDVRLCIRIAGMIFWEKGSNGWM.SDGMEPIIKCILPRASVVSVYAKAVALMNTDIFQGLFFDQGPQLDQKDSTKKILPDATTSIITTRTTVLAVTVEKTAVWTAAERDDSSFFARLPRSNYRNSPVNVIDWLAEQAIRQVVNFCLAVVLLKDKDNVLSMGSIQPISVIQLEAAIRTYKKPGFNVTAGYQGYPYFFITQPNAPLTTDSYPFFPIVRIEFGPLMWVWPCVMIVHLHDSPEYGVLWAKPVGYAPIPMIVYVIGVLPC,18.9408,0.8582
YHIGEDLKDIFKWELYGIFHYDTDTIPFGYFAMRLVGSSKLVPFFRIFLILSTIKEPDLPFTFFTLKYPNVEEIKKQLRLILKGDWDFTNHREEKFDAFDKSKEIELYQIIDREMKADFIDVRYLDVRAEQRLSIAEDFVPTTESELLYWIPERFDFQKTVFVEIFCDSCHSQVFQVGFLRWWKVEVPKFFWIPIGVATVLVIMRDSVIPFAILSVYNGTLRAMWDKKRDEENLIEEITDYQTLQYPVTELVKSPFYNIAYINKV,18.2009,0.0712,VSIIQQVSDASWIDGILILGLLQLYQGTNGIGDVFGLCLEIYSSKLAMRTIGTRSFQWLVISVKRIARLYSASWFAICELTNLIVQASFCEASIACLTRSTDKFVSDFALGATTGVLKAYDECGEFEIWTAMVRYAPNVIDTRAVVYMLRMKYNVCRYKLQSSLQEAVWTLVDLLDADAYWAYLLEFYVGLAPLLPPALHRQRIENLLGLMDFMIPVQPQALEIIERRSASKSFWAGADAVVRGKNVLGLLTTVTYLQIMRLPAI,17.1708,0.8689
GQRIITGLRLFLANGVPTWTLFDPNYELMDKYFFQLVSAKSRISVATLLLAALTMGLAAGLFVSGAVGHLSRIYAYPRAINYIGMELFGVGAGATVLRSSYNTPDRERVLAKGRKWLTAICVSLIVCYLAWMSLDLGFGPVRPWMTLLYFIASCGIQSPTTGEFMEWSRDDPLRESKFTLPLGMGSVGIMFFAFNALLAILLNGRNHVVGLAQIQAPGHLGFAGIHDGLKNVGMVLFLVSGVLILAYHTVILSMQLTVPVVASLAPLSVLAGFFMLGLASWLFLRDFPFKNDWVRLFLPTLRGMVYFLPTMTVPAGADGVGSGLLGTNGIDKFANVITLCALWGAWGIGNFGLESRAVRQTRAIEPYF,17.0778,0.0216,SVKVPANLAQDGRHQYQAVASKGMDLTSATGMENSRGQNSYHSHTAPHVVNEKGLSKCKLNATNVTFNDLFERSLFMMNTEGDFAVGIFKLYLVQPILNQTKYYLPRFSRDLEHFSLVIWLDALLLVGIVFSITLRILLMKVSLYRLLLQEGITEIKRSLVILYSDADKLTCALELLLQTALYTAQVQDGVDNDVGSCLEFVQGGQIELSVMAIQRVIALRTKSIKNSRELTPIDRFVYCLHILWLNAADAKGYVTTKQGYALYESQAPIRNPEVDIDKQVACMVGLKIISALAEASDKDKIWKLQAKVYPHVEDFSLNEVFVILNHEDDPLKFDDITDEPVSGQAYAVSQVLFVNASPLGYAPLNGD,17.2951,0.9703
KNLPTVVHYVAAEVSIMSEEMLFSSLIASGLFCSGFYLLGMEDGLLIFRILSRAMILSVLTGMPVFLLQLFTGMQNDSGHYLVNPFSFDIRYRENGGVYTVRITLGHAVGILNLVETTIAYLYRRDALIKDMAQFPKYVVYYVFRFATERAYDLMDMVDKLGMRSDLVPTAGAMLLKAYVPLYNHLQYLNPTSDYVLAEYKLTRSI,17.7071,0.0385,ITKDGPYRALGPACDWEHIKAAKSFTSVAMYXMLKSPESAQVISVLLPLGFVWPAYEHLHWLDSFLAVSAKQALDVGAIDKPPKWRGSKCLFPAYVYKYCEDTAEGAIRDLDSDLYARQSVMGQFVLYKSTMLGCMSVFDKGGDPANGHPNQVGTLAGILAVEINMLSFYIFLVLWCIGKKPFYDVELSIYVLVNVLVRAELFYYQ,18.8277,0.7452
FPLVVLNQVEDVREAASSAVRGNCSAIWLEIDAVEAWSPNKLNNLKATKKVVATLSRVFSSQGYVSPINYIVATRCSLQSLLLSSYGDLELDNRSKIDLLKIVIPSGYDTQKNQPQVKTLDAMNDGLAKTLVTYVEFYRPLEARLLLSLQPKNWRNYDTDGVKEKREVIFSEDPMYIFPKQMGASEKDILDAAGVNKAQIAGSITHNVAQLERVTTCPKDWTAKYSNYSLVASPWATVRNVLADPVFTVDDGVFTDETGCAVARLPAFYPSASICERINTEFVLPFADLGDLLFESVNSWGKKEGVQLELFKFKEDLPLWEGDLTMLEQERN,17.6481,0.003,LARIRYVNPTLKMSAGDIADKALHIIKGYKGBNMIAFALLCFWDIKQAFGLSARIWISEIETDIAVKSLITCCEKQEIKLKDDNAYGPPLIMPTSKHAMARNNAGPMLGTWFIKPINNHISNNFNLGILNVVKFIIRVTFDGQQHLLLNKVFEDRGAFLQLLVFVFAWVSLEGFAVGLLRSRLIFSTLESAGKVMSIYMPLEETEEQISRISGGRPYLLYSRDQTKATGASAASCYLWLDYVETRHDLTPHFPSGLLLASLSSAKAFALILQLITSSMGALAIKFLEGFGIFQERVITARKLYGLHVCYGGTWQACSDNMRLVILLLFRDPL,18.3797,0.8772
TVLALLHNLFTFICVYMWVLYDVFYRMQLRGLLLGLLVESPFFPRYVLLWYVLNNVIQGVSVMLMLFALLLVLAYNSTVNKTSWVRLLAPWMQAFPMNIIIGPDPNSTMVTLSALLESYSFDYFAYDLLAGSFPFFLILMGVVVFTTLVLL,15.9694,0.2418,RGLICFPELKIDSNVDHTPGFPREIKTRGANBEILKLGAEDGVAAPEYVLVLSQQHHAYTRSLSLPTRLWDLADEIESKNAVFLGLRTALTQAPDLIGPKLDFKTNEMFGRFMGYTIVTRNPTYLVMNSHQGEGHDIDQYEDDEYRALVVS,18.8253,0.9869
PSVDNWDAIFGMYAVANGYGGAVSVKNENDVYEYRKQGGNMLDMNNTWDQQAYKLAPQRAYGVKTEIHQGAGLGEDVVLGGDGNIRGDMLREYRITQSPQTYAVANTFSFKVDDKPKLQYYEVKGGTFHRHDYGQLEGLTPGIPDHASSRTNLTAYRLAVHYGEAFATRPGDTVSFFSRILRAFVDDENAINNAMEVHFVTTAKLVESAEGNLIIELETINRLLDRLVVRVMSFNLYIQGGLENREKAWDCAVHRLTVGADLLLALDVTAHLLEYLQKNYRRSSITDRTEGHRLCGVMAIKYEEERGEAAEIRDDMDIVAIYLRGLPWFSGLNVDPISKIKERKKKAAM,18.1653,0.0,LKFWFLQTEWALDPMNPVRFIALVFRDVLLHXNIDNPTLTGDYVFEQNYETPPPANDNEYWTTKAESTDVIGPLLSSFTLTVCCTEQAEVSAGPAQEFSLACPGVKDRNLQAPGAKPFDGVPPVAGLVISWETIIYAFRAFVRLAYDDWALVSDMPPCLKEKGRYGWPIAVKEDHAELPWKHRMQASLSSFGLIEETCAGFLLQVASLFRFAFQGFNPLVIALRYVKWADEMKAGCMWCFWKVHISTEIIILLNGTVTLILGSARMHSFSETFLGVVYTYMLGAQDLYAAYDYKEDNWFEKNLFGVLLMSNVITLSVATIQIIMYVRTLFQLRLQANRLLQEFKQAIFE,19.3355,0.6838
HYTIVHVIADRISSLFFLMFLDAINPQYTFSVPKSLTEQIPVIFQRYFITAYLFELILYVLAYENIVSEFRQEWLCVLMSFRLMCGAKILVTPMFAHVHLFVCLPWLYDFSQQYAKNVREDFAFARFLARLNGNLQTVMTCLHDALIVFVVVILALSIGATLLANFESIPDGTTWTLRVQQYFGFVALLSTLILIIDEVSWQKLNVFGGSSSAQHMTIFVMIPLLIILLWGGVNNLLRTLSEVYANFRKR,17.2488,0.131,NDLQKKYDSIFELSGCHGVSGAITQTWYLMENALEQILQPQRFIQEQVVTASPLKCIKDEISQGKGSFLELLFAAEKAFSAIGYIKGDMFLPDAISIKLQMVTLFYKPRIVKGVWFSVYGGFAEEMVVNIGKAASTQDVVQKAQPDRCEHVGTNCYYLAWWVYCCVKTCLAENSLVIRDDVKFLLLLRGHMEEIVPVGVLLFVPCVPNPYYQIFFKTAAKVDPAGYDIIVLTELSVVIVTIHREWFDVFL,16.8226,0.8889
DVNIKAMSMAFISAIGMVIAVAFTNIAPDPQVTGIALVLPVDLWFAALMGVILLMIFVLGMPPGDDEKLKFLMLPIFLVNPVLSLLPIGLAVALRGAQLYNKETLSIATITGEDADAGVENLIVALGLLFYVVFAYRLTLVSLEKMLGMVLMCVSTGLSAIMLLIRKFNKKKS,16.3728,0.2171,STAVDTNYLYDAIQPAYDPRKVSNIKYRTEWRVWAGDYIRCPIELIGLREVKYALHYVKHLLLQDLYFTRHALLGRYVLNVATIDIIWPHAHCDKWGVNRSEAYAEETGRSYIIVYFYVLQMQIHIDIYVTNVAVVHFHHVLYLAAKLLLYFMFDYGHSVGKIKCITPYKDWL,17.0655,0.9429
VPLRTKWKLTVLSSIGGATYLVFIGQVWIDYAKYAPSGFMVFDLHNGVGRIGLSPVRLRVLPNLSSIREGLAYHGNSIDKRDIFYDQVLSKRNDGVRHQYFTTSLQQQTFTQVGLVPTLPYVNGALDLSTFLEVNILRSVLIPILLNRKYYWEPYANFVLNFPISGGEGMVFHNLKPDPVKNKPIFEDDWAGDGYYVDFARFLLNVDPDAAEKLSKNYALLPVRTFYGWCAPLLILSMVYVYKDALHNGDYMASNGLLQQILSAKGLDDDLTLLVSASKRIGGALGMIFWADNIYPAIADRTLISPEIFTSDGYMVNNAVRNAHWNVCLGIEISANVDSFVRSPLWTDRFTINLAIIDLALLPFINEFFNLAMVTGLIPDTMHYSGVAYAGIFALPSAFVILYFLYLKTSMFFLTLYGFLPTRAIDETI,17.7146,0.0162,YLQTVSTDVLGTTHWLIKFNDDPAGAWQPWLAPGTLLGIVCIVAQDLELKQPNVLWLVKFYLADGSFWYFTLIIQLKAFSYVILYALLGYLRYLLDIVYTWFLYIQPPLRALEILGINGVFFPDPIEYLCEDTDFKMSLLSAFSIRNGMAGVSMVDGSNEAPVVTWTWWQHLPIFLLILVKALAASLDYVTKFPVEGLLDNPRVGDNDPTGERLYAEMPPLIFCKDEISMNEAPWVEFKPFGPTVLEPWHMITLEIPGLLPAAALPLVYYNVRAKTLDHTATLDNLKLKIAMFPFAGLISLAQMLSPFFRDLKSNEIVWSPLIIAAVTISDSYVRALDSGYSLTFSEMYAFFLAGFVTTTKITKSLRTYVAEKLTVFIVKFSYLKSTFGMQTTYVWSALLLASIGLIERESSVEGEAWVAIRKINANYV,17.2375,0.464
LEYANTFVLDRTGSLAFFREAYHVRGTLPALNKATGLMHAAKTTNLLFGTERFGGLYVDTPTLVCVTCIPLLLDGSNIDVNGIKILGWTARLIFSGVFDISERGLYDVDLAEVARSCRGRDRWTAGDFCFGTGSRVLPSHLTGLWYLMVWALLDEAFCWGVVRSAAEQEDWYWPSRAAVEDHTAYMTVDRGVGFSLGFII,18.03,0.1386,,0.0,0.0
FKIFIYFTKVLIAAFALCLLYCAYKHFFDAYNVYASLMLKLNLVELVEVKKERNEKASAVFIPDNKDVERVQPGEFLNNTQKWFWTILADENTQLMMAWNTAAVIGMLIIGLDMPVWAWVAVALEVANGTFFYNVQIFGGKNHLLYDIYISYYAPTHVEPGYVIGPWETFGHAAFAFAVVRHILMTILAQDLEGFHAVFLKMT,17.4969,0.078,DIVYRPPFLYAALELIGIAVPVADPFASTTAGKMFQRTDPALRQRMSYDLWESYNFAMHFFEDLFESNLETVEENALMTKGARICLLGDYPNGAKNPAAWIESHKLNVPAFVFSMMFCVSVSAYIYPGPWLVVQGKLKFIFWYEDRYEVHVTDSDLAAFTYIRVPAVALFLFEISSRCIIFLYFFPMRKHLSAPRLIAFGGCW,17.7205,0.7561
LVCVKNNVLFDKLVIFLAVILVCQFTYLVSDRSSPCQRHRLVVPVRSELEVIADLSDLWVSYIRAFKIKNSRYMLFHKNVVTQGVRSQLDETLMPILMLTPGMSSGITLRDFACKDFEIALSVPEVSEFMQFSAHNHWFTIIPRDLFIGSVLVVPLETEFFQILYLRVILEKWCHQSRYLFQKFLFPAVLGLLLSALLRLEFDHRVRYNCRLYFDYVVKFLRFLMFISMKLSLPISFIAKSNALELLEICSTFLCRFDIQMNLNKDVQKMRINLLDTHIRL,18.1503,0.3039,,0.0,0.0
KEFALSVALKDLRTETQYSLSYHTLIGYNVCGHEYNIKHYDLIELDQKGLFFRSSEAVTRYKGRGIQARQSKKWGHSTWKLAGFTVEKTFKYYIHYYNFFAEQIFKRKYDFIDDDSLSPNHAKAKICTFDEFRTLFLNGSTQDVLVEDGENLDVIFGKTKDIFDNTNSMVKDAQHWDHVTKAPLKAFIDLIYVCDEIDAVVKIVGDEEVCRKKFPEIFKTTTPEEPDLWE,18.8432,0.125,DLPDSSVLWFLLVFIAQDAFCNWIFLVSYSAUIPAMFSYYWDVMIICISVSEPLCILISAVVYGLGQKILDALGLLGAIEWYEVVGLTKDIFVYTNTVFGKSVRVSRGAVYFNALWLVQYIFEHVIEVETGTLLGNYKLYIKHFTGVFNKEFTRKAGANLYWDADEETYSRLMAVGAGDVTTMRPSSFRYKVGADLKCDSRYSIVYGPLIMWKYLPTKVQVRKEEPTSEM,18.1176,0.6078
MNYVAYPVFFHAAWIGLIFHPLTYVTYNHLKRVAKKLFLKEKTYFRGRERYSWFSCMNLADEIMAEFPCHFFVFIICWYHNDLLDKARHPATYQNVFKDNGVFLMKTTKNTKFKKEATKIHKFLSPFFVPPLVPFAKVIYFTYVREGFTKDELILDDFETRHHLALDFYAGQGYFYEILVAHIAPAWGGMLFYALYPLREFFTRAEDNMDEFFENEKKQY,18.2132,0.0856,DPLVVYLNVGDAKNLVDVAARTFHSSLASMEKSWLPLYYYGQYRLGPVFTLPIEDENNILNSHLVNKLPLDWIKTAHKEAPMHRKVGLIDYYGQFAAVSSLWMQVTSILHGEFYYQYVENPGSTTYYLILHRTQKLQLYTALDGDLDVYDDRGFPTPLRYIVKSYRLAMAFDGIVYNWVYCNAYMDALLHLYPLRNADYLVYVHLMGQSETVAYEYRDTE,16.5387,0.955
VPNATDGISEAKDYKLKPLTGKADRITVTLGEESMALHDYNAYYERTRLFWPDVAKLIGVQKNSDGSITLWCVNDDYVKVGAESLTELVGDVPVLISGTVTVSLNAMVSLQISSGSVTPNKGTIYDKNSLQGGGSGGNQTMRVKYLASAATPEITASATVKGIQELYDGLNLHH,18.4824,0.1818,,0.0,0.0
VFSLWICICSILVFVIVQDPWEMGQPLLKGYPASPDFIFLIVVGVMIRDCFRASHNDSKYWAIIIIFICIFVTHYFLRLSSLVLKVFQTAIQGFSVVLTLVEGIVAHAASRLNITPAILVTVARAAYQNLHNKDIKINIIYNPERGLFVLLLYGWIRYTGISLGKLNGFQVSTTAHTEWRVGLYFMLQPARSTNVEVVATHGHSDRMLANKNQMSDTGIVGKDILPKWCKLIFVVVTIMASVIFSNLLTRCVSVALNPRQLYVGNKQREPPRLLLCRGCHTGSSLPSASWNFPAMSTACYAVLILISFFGTEDFGIPDGVFLAAAISGSLSKSTRTFPGLLSIAAIILLFVVVPISCFAVFMFEGSVTSYLSKKQNDLTLGWFKWIPYRNLTYRYLYDLLTGGGGQLLVEALRIVIIYFATYLIIGIIICDSLQQVLYTQFYTDVAVSAS,17.7614,0.1217,DFIAPLYDKVRAICFLKYIGEEGQDFNDTLNVLSPTQASYLEDALALGTGSMFLGGLPDGGYFIAGKIEFPWGFPVYGLLVGMYFDFIRILRGWAIYQLLPGVILGLRLAVRAKEEVFHFNDETKQGVFYQNVIISTAFQDTNDNLWAGSWTAVEKIVALMAQVVRLELVYYGGVALVTDHEDVLVIAVRFMVSFNGQIVEMINVGIWEINVQKTIDSAKHTLAFQLYMFTLSCRFVSAYAAMFLVVLGRVAALCLALGFVYIDLFVVLDFRFVQGVSLATPTAAQGWMIHELAEGYLGKETAADATMIFFKSFALRLKPRTVLYDKVGPPDMDEIEFLWVKLLVIRLGEATGAHAQKSDPYALSFKVIQNYALGELYNEISRNVGLLVDVIKMPVMKTLILEKQRIGWWAVTMMFADSLTEAGNLYKDRFVLSRLIGVNVLCGGSTSAV,16.8286,0.8142
IAETAMIAGYVGASWTSSRFIIASCLWASKLSFVPWCERSCESHAVEWQISGVQIVFSALYSFLWCTLAYGQGSPAVGVLKVEYNSREEFLVLEKKDGISGLTFTIWMLIGFSDCGLSGGPKNKKTEAEAIGYIAITSCSGILVISLCGGMASSTPTGCPVSNISLPKLRKFGDVILILVFAQKLSWSSAALVDPFSENAVQDCSAVTCLVDSDLCFWICFIVYQKLGRADFDIDCPFPLSFSVFVVGILVVFYLYRNWDDVIGSGINISSTKDCLDGGMRFVEPISRDYAADTVMKDYYDSLCSPRSPLLAGSVGWVGAYLAALLSSNYHFTLFYVRFVRPISPVTDPCLNFNTLVNPRLGAIARGLKERNSNFLMDPIFLTFRYGTDIPVFWFFLGFFVDSLYWIKLIKNNWNLAKVH,18.445,0.0071,KFIEEIYYLEDDLKLKDQINITSGSSPNLGHLYMFPVVVNPLCDVSFSNLVSTDVTLGLIANRLVCFATVIDYPRKAFLSGIHQITFPDFPKNGSVFQIAEIAVIRGLITATLLPKVSRDIFPDFSDRSMVWFYSLVVDYPIGWKGAIQDVYLYQSYFFLMLCEVNDSVYAQPVGNDKFSSAFEVTLNLVNMAHTLSVVCVLEVETCGVVHHMVECGESGIDALTIDAQKIRVNNDQVLVDTVIELLFGATDQPFAAKGLSVWPCANIYLIHIPHNTVRLLLGGTAPYNYIDTIELESYPAQIDIYYLTFQMSGRRLVIEGAGIRGGVVVPKVWITFKPEIECMWPSRAITLWDILPELGSFLKYFPYVIDLKKIELMIRVKNALNGIVVLCMTDAPPAVKLALLARKVYLTADGTIVMP,17.6314,0.9834
VNDSVVLGIKQGDRLVTMAEADGGKVINTKITVTVDSRGQATVLEEDIFIKDRVYGVNLELVILSRENPEVAVAYDAHIALTPDLSAGQDTTWTPRVKMMQIASFLNAIKLLIFTGVRILALMVERKGLLLEAAKILINDTLQNKWQLDVALDWVGDAVARSDVFFYFSALEGAIANVDPSGLIVDYKYGLVKTKTLIDVGAVFAGDIGNVAKVAAAATRLRAAFIGFAGFQVIQAFITQGDATFLLSFKKLLIKWDISNDLPIGATLQDVLTSVVAATIAMSVVPEDSDQPVMVILGGALESPLGSLVYYGPWRSRSNNFSLAPLNDPGLAGVVRDLRKALGEAGLLAVYR,16.1481,0.0056,,0.0,0.0
AYPVGIAGDVLFLSVTVLFARQAKVKVAYKLYASSYGKSPRVYVAVSLFSCKFVERWFRTTGVYRFQNFAIYLAYIANFARNQVIWWNWAGHYKLLGKKTDSDSLWGWVSCLSNNEFNVLIPVRQDPERIVRAIEFQNGSTYLVGGGVLCNSIFQGIPVAVNKNKSAINGDNKLPEGQWLYVVYVWFFMVPVVYFPIYIYWRIKYRQTKQ,17.7895,0.0142,MLNLALYIVLDMEVLVADCGCMWLTADAFPVYSFEMGRLCYIAIHGQIVDAVGDPVLHSHRSSEESVELYALFIDNASILSEIWTNPGSVFWNVLVTKNSITGSREWHGQNKGSIYALTGGDPFRWQGEIEKIVLFEPEPDKLFRILRALGDNWGGGLYNEIGALYHPFGNGGYFGKQQTRPADRSFIFVLIIINIPDQYEHKRLLTGKR,17.1976,0.9858
YNRQKFSNADPTITEISGFFIMLFSIFSSYSFLPSLLTYQGFNNHMQNIWGFFELGTQRHSKDITNEELYGGKVERQLQGTLWLRNNYIDSPGIVVTGHLPMDEKYEVLENVANVLSTWNYLNINEIQYKPSFVCKRENGLHCKWYNKDCSRR,19.8936,0.2129,VAWESPHLSAWFADESFVRMREKKVAFLDYRWPFLLGWRPVEVRLDFELILFKFTHGYFFDGSDFKELDPHILMEQAEIEKTTLSTGDETVEYPVEEVLGRNEDFFYQKALSPVIRHELHYAAFDAACNMCIAAEADVAAYLYYWGVVMDEEL,17.7765,1.0
KEHIKLTLKDGQVDPIGVIPAQVYGITLSLKTPCSGRSWCKRLETFTPLGSVEEVATKTNGLKVTIHDQDIALVTVSPVEVVIGVRHSVTKYNKLDVQLPDEKRDYRFESEILRNFLALAVATSNIVNKEQLKEFNHVHYNVITTDEMLTLREYQSTRLKYLSSAFGAILSLAQQWSLRIYVNYVGPMNDAGNAYLITTTWNQYNYDFEREFLSGVLVGNDIDSSLPDYVKATKENVFARSAAGTTAHDDNDLDIFSTNTVLDNFTDQLPYAVADNSSLNTQNFAENRTIALDYKDKDTYIKI,18.284,0.1213,ASSQPEIAYFNRRKLTTTTYQNPARRPSVTIWELQSENDRPRMIVHDVPIGDIYLVGHKVDACIKQYSGFLEQLSARVLELAPRAYHLPSAAHVGTHKYVLTWVAIECWLTYTELYQLNVEMDDWINLFIVLHVRKTLVVRHQTYTYVAAGGNRSRRIMLIQKQVVPRHAEVDPKGTRDFVCLLQEVYDVLSWAPAGLAPVMLVMYVNQEGLFITSIAIYQSSILDMGFAVWNKRYELFKYKTKVFSEAMFLRNLQKLIAKIEFLIWPDCGGAIKQIQASLVTNAIMGFGKSYGVFALRRDVM,17.9902,0.8492
SNYSHREFYKGDGPFVPHSTFLHPLMRGFKYLLLVLSATATIYESMRPYYTSLYLHILAVALIYVFLPLPSDYYYKASFYTMSASLPQIPEEFALKFKQANMQVHLWTLETPPVLVILRELSDIFNFLITAEDWILFKMFHFNVDIVVKHFVPTKAIQMVTPSATVPHAVLKFFNDILGKQ,17.6819,0.1913,NVTVSWFSIQRPSFTLSYDAERLVISSTVYDYLTDPLDHKYSKMFRMRPQTGIKHDKTPPHLGINDSVMTVETTQVIEVEEFVSIELMLVSTVVSLIVVGVWKGEFLNLHAPVVPESTTTEEIEALDCQTALDTLDLRICENWQAPDETWKAKYNELGKISVEEAPIFVVGDLNRYLLGAT,16.6282,1.0
FPTDDNIFSLPFYGALILDIEPQRDANLRLSGRFLTAYLPGNLALIIIPFFSSIITVLLGGSLIGIASWGLMMTWYLGLIFMSGLLFCTVRLILLGTTDLNFEPLARYYGDLDVAKVVGELLSRLALHPAFLGYTKLAVVTLFVGANIAGLLVALYSGSQNFWNFLVLSAGSVITITVLGSIIDGLSSGTDRKKLFAVPVGHGYFYMLAYLLVSGFSAMASIVLAAILKRPILNDALAIILVFRVTMDLFLNLFFYLPVGHLVTGLTGAGLLLGTFGGALGVLNGAGASIGYR,15.9089,0.1525,MNAIKVQRNMDEFEIEYMVYTDKLFVVQSKRFQSYPYIADILVHFPIDLVIPVVITVLYEIDNALFKILIFYVGGGPGMNASAKVGQVVSVQATYISPRVMNDRAVLVLDKSMFSFVEQDSHPIGRFDNTLTILPLWQAHYLLSSLGKTVQKAKFDYIPDLKIVLCYMMLNAVPQREVIIATFVGIDFTVEPLNNNLVLDAPTFVMGVLVHTEHVGNDGQNLPDHLHELLTGNGGGVYIDMEVAVKFYIKAFEKATAKLKRKTTANIDFVLLLPTGVHSLMIKPDPNSAVQCY,17.3431,0.9525
PTSAAKSLPFVGHNNLKVLYRDGATIVLNIMVLLVFWYFFINGAASGAAVLAVIVGVNGVFRLYNADALGSVIWAALGNGLAGIREGQIWGEVVNTGRLMALLGLVLAAMGVLELHVSGIWIIYTIAEFVSRSSFVYMISRYGVNRSSGIVIPHLRV,16.325,0.1887,SGDGFYDFLFWYTKVFIVGAFFNYSLSPNLFKLDYARNLFIVLGGTQDCNEPVLDYYLGVGWIGMDPVSENMAAAVQDLVSEIPCVQWLDGILGLYLPWTAIPIVIIVSSAVESWLLKLLSYTWCLNALQWPEFSCLVLHGLYLHLVKLHWPDLMDA,15.6819,0.5912
ILNFSYVITFLLLILAHFIGLLTTILSLAQKWELNKQVPAVKFVAFIPNFVISRLFPIVAFYHLDVYGIHSFAVHQLVDLSLLVLKEILSFDRKMVMIRNANLQGGAELSLSALYVRTLTRAVDQFSQPREQADFGAISGDCSDIRALTLGWGYVVSVVPMLSIGPIYLEAVEYQSGEFKWPYVEETCAVFYRCVAVIYVQYCAMFDYKRGVLPELSQRVKAILLIPLFFIIFSGSLLIIVETCTASL,16.6216,0.076,LTGKQYYASGIKTLWKSTLFSFKSMGKMESPBDKVWTSLAKYSDEEFAAIFNHLAFWTPNLTWDAGNPGIIFATSSGDVVLIVYEYETWWEFDLEENADDVTYSASIQIDDYGTISYSAPFPVLYRNLENNQPQFMPASVPHPILMTINIFCACAVFTEHAGETVKSNDWYEKDPPPLEYTLKGSLVWLTDAFPLFLDDLHNTARGNITAVSLKTFFVKAGSA.QEDVLESSIALKQWVLFRARYFVK,20.1396,0.984
DKETAYYAGYLTFATVVYSYVYAKIFSIKNDVFLNMLNADEKNGKAFVKSGFITLRVIDKIFASPNWGLRSYRNQKQVVIPVNNEGVLQESLFRIEGAKHPITLNERPYLEMNPSTGKESAMMIEFNLNAPHSLYPSAPYVMFVLYVMGYQDFDARFKIGGGELTFWGPLSLYLLLILVLLLRGFLQCFNVTCYEFAEPMIVKLQRTFVLARRENNVVKAIPVSLADAYKRIDKFATLEDLTQNYINDAFKLNLTDVEVRDLLTILDVLAKTRTEKKDATLHAVSYLHFNAPWYRVHEGDIVFIKDYMSKDREQTLIGLATGVEKHDAITIEYFPLKVTIGPNATVLLTIFIVVLASGFYYMTRSLWG,17.8508,0.0216,QAEPGSYGRKNPTIPLLQIGAVIKITKDVVDETPLSGEILLLEYDPVYNGRVTILIFCRIWGGHELPGRGLHERSECYKFLLVNGIWVTNFLVFDNLYYAGIIYAAQVPVKNMDVKPEEFISEPPVFGRAPFPFEKEPQLDQELKLLNRKAVEWPTQWTEYAVYTTPQAAKTCESPWDKMSYRRTLVIGSFHLPTTVVVWMRLTYAKQQIKDNDIDYDVDSKTAGVELYMNGVLLYKKYTAEKLHSKETKKYEVVGVYEMISMPVYIYSMDYTLDHDLLAAKVVENIGAKAGPEFAMFAEKFIYFEYLMGDRVAVDYAGPPFSGLMVKGTALWTLRDPLFTGLGFTMDPVRALNSGSMQILLVFRSFE,17.5603,0.973
EPFIESRKPAILTFFSFIITALFAFTVKWMPFMTFKWEDFHLRLCAFEVMYFAYGSSLVQRFSNKIYRIHVYSNSLHAYGVEFHINFHHIAYIINHLCAINYGWCDSVKCLSLLFIAHFQNESILLAPEFRTILSLVVVTSVKCDVAATLLEFLCFGGTGSTFFGPINIIVDKHKNPFFADDHYSYVTFFLLFFLALAVTNIIFGANLEIDHRLDQYKLGLADSMLLVALVFFITLATLMTTLAGHSGVALDFYSSVEMFPVKAIFAALFDLATYPVKMRHGLKKFLITGSAFLMVILMPFGYKYLSKLIGKKTSNLNAENNSTRKIHMFNIGLIIYSYFSVGAFPIHFEQLPPYLSDRPLDVRVKWRNPGEFFTRPGGFIATLTAVLIKTKDALWISLYNHYYLMVAVIFAIIWQELIYKGFLATNGF,18.108,0.0162,,0.0,0.0
YYGFVGIITYDAPADVEAGHQSSSLIFTTSCTNGNNEWLKGLQAPWCPFDLKWPCVSLCNQCAPIIDGQSEILVGLCSQYNMAVNTDHDEEVLVYYVEYFILSTNEQHRYSHNFNQDSIISAVIKSTPFNDAQVGIEDMGNNDNYVIVKIASDVWSNVNDDYMTWFGVVHDFDGENHQRVETQNALTTETVEFYYMPQPTYVHVPPPFISILQADMQEVLPYFTGDGEVALSDVKLYLDKKMSTVENGTMQDAHRFTQREVIQHGPEYLLAGVEFGHCDLQFRVRYNLEAQSALEVLELTGCGLI,19.6917,0.0489,INNDIKLVVQLAFNVSAVEDCHFTHEDEGTYYIRQQGVWRRRNAYSKRCSFEKYYQYTQRYGEYYSFIYSLDTVGRDIMDFPWIWDDRAGDILASSYPKIAQRMALESMSSQDRLELCYRMEADVNNKRLSGLTVLILEYKHLFKYHEQWLYIVQWETADVALGCLRGPVIVEDIISVNILEVVVDVSFENLQKAHVVEKTGGGINTHTKFERCISDAIYGKIVPAILEFGTYYKVVKCILPLLKFQFVLMFFFSNCAAMIAIAACQMELKFRIPHWAREYILSRNLVALSEVITLELKADATWE,18.4176,0.9381
RRAERLIHIAFMLQETSVEFYHEAYRLTFIPFVSFVVSHPNGAGVNHYEKALDLRLISIEVQRCSLQYKHIMRLLQAHHLTEILVHFTFHDVVLTGAHKVLQEKMQFVEPLEMPRKYQASESEAYYELDWLDGFGKSSLSDLFQYSLTPKWGFLRLHSKFTYGDHSYNFRETVADPRRTVTDMIAAALGSIYSSDTFATIVKLPMLPVTFLSDFILPFVIQLLFGAYAKKNPDTQYHLRHVSAMTKLAALNVLAFWSFQDDSCVKDFEELGLDEKLLAKNACDMERFIVIAALITSPRIVRWQSMKRAWV,18.7896,0.0096,VLSDKWAKVQSDKFIHVPTLKIALKGSLMTYWIREIFDMLQRGLTPRWFWREEPPAENKNFILMKFVYMPPIGMSLQLAKFFGFKREYPRYIRKGAPDFFNYIAHFYVEPLHNIRDFTDPLAPLSPQDFLSFDVLKVLTQIFGVLMREMANTPCAGISYDYEMAQSFNLQLAADTNKTCRDDVVLISEAGAVGAPEPIVQAFDADKASRTAQTTEVTDGFAYSDVVTGNKWFPAGGTSAGMLMEQLYIGYSAAMVSRELEYILSDERADWWQMVEDEAAILDPLCEHLLFGTDMTYGCEFVVTLILYPPL,17.8228,0.9872
MYTRPVTADFTWFGDPNWNPAASTYGSSCCCFSNGNKTYGNGKLGVNTNNCVPMFTVFCANFNLFCDSFKHIDLITASVMNAPNALVNSKFFKDEYFINGSYYNSGSNVDPRELFMGFFALFFGGYASRPQFFQNADNHVAQIKNNAMGLENLYVWLEPYVNHYGRTEEELARERPRIMMNANAFDNGSVPIFLLGPSKKFSDEENGMRPMVMPCHLH,19.8361,0.0545,FVVLRIYTFSVRWVHLAPSFEGRTQNAQVFYEGGLGKTMLAVKVQYTGTGDLELDADILQIGVTTKEAYEIVVGEKDADFPNRFLKFTRPMAQGLEVKVNADFYDEAKDLREAGDVHVVEFISNDASAFELWYQSSDQMHAYWLNHIDKKDTSNISWCYQEPESHIGEVKFTEWVRDAECTPNVQGDYHAVNIPSRICANYVADKGDDAMESLDKEMG,18.5259,0.9591
HFRTGHRTRDDLLYLLAPIGPIIVVLGKEQLRPWYHLYWLLLGFYSVFRGLLQEMFLAMLFTFAFWPFPSVPCLLNYGWLVFYMLKHISQIVIIYIMVYQAIGAFTYIYIIFMSEGALIMFAGSEQLKANMMYDLLVGLAMLSGLYALFLPFFLLSTSQAIVRKDTTHGMTKDKNFFNDNEPHLGYSFLRMYNFEENHTIFTNAAMAQWSPTCEFITSTGLACTVSDYSIFTQLLMEMTFVITSIGSARAACILLWTAAYPYSWLSIAQVVVVFAMYWEDQSVYIFVIVWRLYVEFLNPVVYTMAAICALGIAVANFTVSEWSVIGEGLLGFAWGWELPCISQALWHSREQSLLTGRYYKGFWGVLFYGFTLTLTIFIIATMHSKFVNESKNLTLEHGRT,18.2563,0.0025,,0.0,0.0
GASYFWIIQYLVLGLFIIFAFAPVYLIGLFGAILKPDQPSGVAFFATRRQAKGSLLIQFVPVLIFFFLFIVLIYGAFRLFNYWPTQIFYINIAAFIMVALLLGLNADGVFAFIYWELVALVRKEFPDTIELKTPKSVLVFIFNAVGPDQYQTVPADQFMLWKFALGAAVSVLLFQVTAQYDLAAFMVWILCFLLFGLLLASGFPPVFEFEGMFMPYYMTPYLWLYGGWILWAPFLALAIVLYFQNNKPLIAIASIAIGQASTIFAWTWAAIFPDAITFPVIHVVYIGVLLIPLGILFYYLDFVR,16.312,0.0882,WGKAGLIGVEDRAWSLPIVNTGWQSSIRVIRBVLFFDQQNKLKITISKLVKAENKSFMPPFAAVFLFPWHAFAHFYNDDKQQMQVALYDGGLKRRLYPRELLLFPRTTSVLPYHSETMEQIQDMRVTDGAPVHWPPAPTVRLIAKHVVMSVLEQMRYSYEALSFMIYKVLEVATVLKVLLVPPVDLIVLLSTSYYWKQKREDNPILLLVLEYIWTYAPWTYGEHVFFCQTFGFHACCPNEDFALSAEDLPGVACVQACITTGLPCKAIRVENGLDDCILAAMAVIAMCLNKDHFAHLKSRRNSD,18.5506,0.902
AVNDNLLADYDLEKIKPYFEIFSAFYTQAFFAGVMSVLAVTHKDRNNTMRSGIRRLLVAVLTIIGQNHMLSEFVNSNTEITAVMGANFGAYRKRMKAKKWNQSFWIPRSIKSPPATIIMKVVNTNRELTLKIGYVCLYLTLYGILFAMLGIPYSKSYSIWCSSKKLKDKETLELTRIVAPSVWMFLTTLLIMLYVLVPFFKGIIVALGFCNYFLVWGKFNKFI,18.4193,0.1156,GAVGIKYLQVVLEKGVHVVLAGSMAVYLTYCTAFPESWLLLEQIHRFVVPHATVYEPDNKLISYVAIFEPSKTVGAIVVYAVTLSNVPKLLCQLGAWERLGDKVRGYYLVIVIGKDPHALNLSDNPVSVALPTDQKCLHWTEPRATWLLSLGIPDSFQLLVVVAFAMLSRVFAAFDARVLFLYYELVLLLGSSFPSNAICYMLEGAPMSHGGSFHLAGYGLCY,15.5611,0.7956
FDNYFQSDILCPANVIRMVGFLGLVPWIGVFMIEPGNRKKLFVAEWDFQVRAAAIFATILILVFLENNIMELLGMLGKTTKLLAGRGFPGTERVRQWYRSMYIIIATWKLAQAEIREWLMAMVAFAMILSVISCGILATTFADYRRLYGLNWTSYSKELYKNGWIVSIHALINSNNCTYVLGCAMNLGPGEASVMLADTYRRHFRAFIYCYLVYSSVCVFML,18.0209,0.1205,MHPLAEWQKGIFCLQQDQPPADCLWYLVVYFDWIKPNGILLKEYGIYQINNKIPDIAGERNSPNVAFSFVADTDRDWIVERSTRQSCTSPVPPHCSDEEKFDMYVDDDDCGDLKLVYCNWHLPVVDTTLSDVCVLMSRLVIGSVVVLCWINKEKFTKCVLYVEASRSRTALIIPVICVEPYIYLDWMLGGNYEPLTYVCKERGFINLLLTKDRETCLKPAES,18.226,0.9777
PAEYKFRKRFLIRTAVETFVLFLAALVVLSAANYDIFALKYRQSAEARFNVYQIGIGGVVIILVELLQRQSPRQTAVYMQSRKGLKVESVYHLSEANYHLALYYFEFPDQILWQTVRKGIYNSSSSQFLVYFVVIDFFGGGYKAHWMFGAKVKRNGLFLVVRADALDFDNNSLNRIEAIFFLLSVLFVIFDVKNQKYYSMTSIKKYQSKILLPCIYYFYRFLSVGQYFVQADFRGKRTPLQNVWMQNIIWFQPLISHAFEVINFNQVYIPEKVALIIFCFIQLVVMTIFGIVGCVF,18.1848,0.1812,DVENWTQISPCGGGTPFTLKTWEDYYENNVAZQMLKRNAFVGMWHHFFFCLFCFVFPELLIFFLLAATREKNLYYLGVIDIFNAAPLPLDALMAKKLHLYLRVGKMKLKAMVNRCKSGLSMPGGSVGQIVNEIIAAVSHAAVTFYLDVLWLDENDVKAWLVTFSFKFFKEVPIFVNLGWRKKKQAYLGCILQSKFAKGYPVLKGVQMRTWFTQVIVVEVVVEQVVYESPGFLGRVFMLHFGELTISLLLVQLCKLLVETFKLLDKIMDEVFTVSLHQLLVCKQGITSKGMLLIHVL,18.033,0.8691
ATAETHNAKRFPISYRRDAKARNTILKIDEGDSLYLLNFFSHGFNFGNVKTFYLTVFCYVFRNAVYSLIAFSSIIAKVVMSVEAQQSQRIITWEAMNDIREIQNKGYKIRVIVGMELNVSGMFISWAAARSSVYQLNDIDFESVLADKSYAYFGDVEGALMEASAFNVKLVAGVISLISIYDLLTSPFARNNPLMCKDRTVGRVHLDDAPFLNYIFHSTVFMGGCLCIFCADSAANWQQKIRQPEGSDNWLTGGQICYYMGQSGVAFSIYQGLDTSNPLFNFLGYWGLYVLLALLGILRQVNFVRDACYPTRLN,18.4917,0.0,,0.0,0.0
VLGNALLIEVFVILGMGIGATVLFSVFIRLAGMRIIKHTYITTISPVILGTMNAILVGGFPQIKDHIESGSLPFAEAGEILEIDRGLEAVNGIIAIGGIIFMSLLFFMLKKITTFGILKALIGIGVTLFGLPTGFAAFNGYTIVSDDQNLSLTLSVPITFVVTALPALVISIMNFIHLGFEWKLFEVPSTDTVLADYRKHWDSAVKGLGVVECQFNLQGFVILAFCAELLNADASYWRIPSFSLMFGADIMISGFVDQIGLFYGPFKAYDGNELIYVYSVVGFLKYGAMASAIRSLVVLVTVGLFLGSVDPAALVSTLLAASGVDAPVNDAFYALLRIADKLLYNPGVITADFIETFGAAILIPLSFYLAQLLAVDGSMQTPGFDRIKENILSSMIMGDLDPLPPLYATIWAVGGISVLYSLSAPAFSGGLRFTDPILAIVIDMPAGVKLHERWMKEFGVPELTLA,16.4786,0.0342,,0.0,0.0
FFSLPQANFEPGKNLYISSKPSQNWVLRVGDFTLEYCKTAYAAALIDLEKTPQGFLFWAMLALLDTRKIYSGGMMLAQDDSRNQYFVDGKEDVSGYKYACGNQLFAPKKWSYKPQRAEFLGRNVRKKTENKRDCSRLKVCKRWPCKQLWLDDVADLSNDLQIVNGVGDDAKHFGSREYFSIYEQEKFGYSFASAYDLGTYGVAESTENVQHDLWKHLALLLRRIWLAEDLGNLSNAILQWVAVLPKYAFAASQYWEAWFYLKRTNGIILTDVDKMLVEFCDREKRGYLDLKVHNLFF,18.9905,0.1873,TLKLFMTKNITGVRFNQVRYLGQKKYIYDTQLSPIFYPSVFPIRQWAYPQVGRLLVETNMGEFYLWGLAQLLNTFQVDTGLTFGLNGRTKLSLLADLTWIRIGIRRYDNLFFAVADPDDYALDGLILIAVGFYLPLQSVAIQTNALFTLAYALYNMMKVSGPDILINLKCEEKRLTAMYLKDHKETRKHEEVQHTPRIFLEGGTAEYDVIALPGSLFYYEIKDTMLYAFWLIELWSWKLNSKHLKCAAGLIGLELYRYAFYIIQLKGGKQDLQISCFAVAHVPQILGLLDSMESCIQ,16.7992,0.9431
SGLSVIVAFVGGTTFPIENHVNASAVNGVNGRISGIGAYVTSKPRYIYDQPLMRFARVAIFHEAQSAPMVDNAECRLGVQFIILGTPRLERLAAQVLIAHNRDKTANDNAIKVFPSGGMPEKMGLRIELRGQSPKAGQVAPVAIGSPMGEQVQAKLVTTRFYDYIRVLNTLEAIGQTAYVMDYDVYNGGLCAYWDGIKAIADRNGHANQLFIAGGGKFGIKYAGEYAALPRQADLYAALSGVKYISPNFNIIEELVRNTATMPIPIYQRLEWATNIIIDIDTAIVDGKLKDLLAGATKIMNNVGSTITVTVQLDLARIPETIPGDGVPLEYIKAKPAFYTQPDIPRLAEAFITLQTVERNIIFCSVCVDVNLLNAVNVDSRTAQQTIWGNFFVKIWEEERQRRRMLVDDGGPVERLGIAAAVILTPQTALPGRIQNPEAQVGPRGLKYEVATFLQIFYEESPYTLQRAEDLHTLPYQLDVIYSDT,17.6957,0.1725,LQASDWPINPFEIAGALSMADELQFICRRSQDILVDLFAIPTCIHSETLRIITMCQFLEDHNVGFVCFLLKIMIVYVNLVSVYVLQKRWAFSMLVWLVEKHAVVAISRYYTMLHVLGKSKCLGDPYTGQWPQTSMYVRKRIVAGTDYIMFLKMLWYYDEHLPVRPDHDRDRLIIVVPVLGWMVAIMDRYLGEMATYPYSIAFMEMFHVLLIVYEYMIRELQKIYCGDYNLAFRPLNTLYFFAVITFLEWAVRDIVAAFISFWASAVDLQIFKLKGDLIFFTNKSLGHSLDKKLQVETADDHVSSFFAYEDDREHGLTLSISNGSQATVLMKLHGSSGPPLRGGIAVLLELFAFEDAAVSKFLSGCPWGGDVVDNVDWIPQHPLTFVLGWGIQDKYYNMETKPYLLTVISWGEFYVSRLIHAEGLLPAKFAIKGKVEMHIITPALKVQSLVSVAEGQVFSEIEFGVPPDQTMLVSLRTCIALDPGI,18.0137,0.7885
VKEIEKQSTERIASLFIIINISSVFFGHFVYQVLSKIFDDIFAFLTALIVLFSIDILFPLIMINIFHFEVQLMDLLLIAPLGIVSFLLNFYLRQKLQRWIYAVYISTLLFAVGISSTSVPTAKWFAMIIIAYETDRIFDKKAQGYTDRLTEGQPGLYYYRIATETYMIKILDLIDKPLKFNNFVEKGKMDAFEGFIDIANLAYELNNKNSNISMEVRPHERVEMPNLAAINAYEPLYTFEKIQDEIGDLIKGEPMLWSLKPRQARALIYLYTQWKKYTFKHLGYLSLDKFLEVIKTPLGFTFQILDHEALKPNSWLLFRIAAKASRKVENNKSDGYFPYITDLVRSSHNDRGYVTTILRQEITRLLVRMAVYPLPELLGFAAEFLQRLNVVFGRSLDKFPEPCSPWQKKTLEKIVELILLDVGYNATLVLGNVVFVSPVIFSLIPGLIFVIYVLLTLRYTSIQGAVFYK,17.3222,0.0361,NGGIIQVTGQYLRNRFTENAVADVYLTERGLWQKYCGLLITPIYQLVNLYGFFDQYEICVFPLMLHLYTLVDMRLSKTSNEAAGPFQIAPFKGSSVAEQAPLVVMFSLVLEVIEWTRFTTQGILLVDNDMDLIGSELSIGFFEKNLPCQIYITTAFNAIDLLAKFEDGIHVDLRNIGSLYDCNVRIHVFSRPPGSKNVFNNDFTLEYEESLVLVVACFNYDLAQQIVYRVMPSWRLEVILAANTMDVEQALLKVILNLNRINTLLEVTWYLFKTMGSVAFHFLIAITAQLDPYYGGTSRGGYLYVLEGEINIYQNEVFVYCFRVATNQIVVVSFELLRIEFKMFGFLLHRDEKESVIWFQCPRIGNVLKEGQVETSHLLLLANEEDIFKVQPLGCRDVTQQRIEGGEDFRRELDAMMHRLTQIEFPEEIRLSSHDAGRLLSIVDKTYGLVYSKLPASLPGREDATNPAV,17.6275,0.9745
YTSVLQTACPIFSIFKVSQMVVSSSEEFKLAENVGLLLASAIVLVLLFAAFYRKAYDQSSPFSWAPLTLAPSYLGLFDIAEAYTAISAFVISWSLGGIVAYKLNGDYYKTATYQASWHAPRHYININNIGLATVVFILGPYLGFINTIQLIAMKLLFVPISRLCPMETAALKRSMNALYSITLKFNWLFFSFVILGFVSGFNTQWPSHLWLLGRLSLLPHAAIFVFAWPSLYVVAIDFSGMTITIAFGDGPKMIIVAAVNLIVTIVGLSQVAYPPMNVFSIANYTKVVAAHHLGEIYMGTWARVAFDGLISLVVLTVNGMIWSRLRQAKDLGHYRSIIVGDLERVIRGSWHVLTVTAAVMNSFGVARTGVIFEPVFKWSMHMSDFISWSFLSLLLVTSYIQTGYLEFFKHVPEAPEFLSKDALSAIIFAAIVLAMVIYAFFLILTYPLMRRVVAPHGVNT,17.5517,0.0714,LCNMVYYSKNVNPMVFLHLCGENMATEYPMTTVVKREMNLFVVYEDCETFYDEEYVAFIIARPAVAQQNGCPPVTDYRAFQRIVQDRGIATFYDISEGNVYDTGYVLDVADSNKKVEAIFGPSVLEIEIGDWKTTYADTLGPWQAISNPFATGIHYDTFLFEIDAILLEFHLTWVRKHSVNIVSIFVYVMSSLTETLDYKPNIKREDSLMVRNIKHHIGDLLTAMGIYKNPVNFVYSIDGVQVAPSAICQDVAEFIFTDQPLINATPFPGIMFLPGTYEYKSLKGDTTFFYGDYIDLAAAAIVSGDGLKVKLAEKNKGKDQYRDCGDVLDDALSAKPAILVYSWTNEKNAMAPLLLATVVAYFQNNGILWGVLGMEEIKIFNIHQVFAFIEAFGIRLWLVFTNVVEPIDERILSSVKDGRWSLSLLHHGLLVLPQAAIPFRTLRGSVRSREKVRLSYFKL,17.6673,0.9632
