Source,Sequence,DeepTMHMM Predictions
MeMDLM (Unconditional),EDVLFPTLNGSLGERSAMLAQATYIQSRTFRWQLEARAAQFKGVVLSKEARLQYRVVDRLERYMDCMRNQLVVGALCGLDWDVPQYICNLDERAARDILQEHRLPVLLDRMAKMVVLSYAVYFLDDNEEPFARMVAQLGHSAGTFGIRKGYIKEFEGAPLAITANQGTEISEMDWIKSEVRMGQLTFGQYLPEDCLQENAEFVDPAKAYAEGLLVFGLLYVSSSQRPFDGLSVDNLLAFLYQTCAIAVQWEDSLLWAFQVLSDSPLYDMLPLCGTTILERVHSHLLRAVNKRNPERQRQPLLPARGLSGNCALC,100.0
MeMDLM (Unconditional),PQLIRHDGWIAELLPFLSIIVAILYSLGHVVEYGHGTQVTLYSGKESTDLLNHCGTVILTFKLVSALTFSIIMEIVSLSIALCGIVFGTVLVFTLSVAILLLPTYPILQSNKKKNGFFTNFAAKKLYAEVAYIWKQLYNFSFSLWFHTITLVFLIAQGSGSFSHKKVWIYGLYIKIYLRSLENNLVPFNFHSPQYITAVMINFERFGLASSYWSTPNIIGVSLLIMLDKLVISSILQGEVHAPMLWSLLPSNEGFGAHYIGIVLQRSFKSTNREGDIIRAPYTNYLAEKGVFTTIFIIPYLKVAKIPILLSTASHTSMNQVASNFSAFLAKSHLDTISVGDDDLFFSEVEVCGRFVAYWIWEELLKKEEELKALSDY,61.0079575596817
MeMDLM (Unconditional),GSRCKLYLLFCFGAFCTITGVPNIYCGSKNGWVVTTCWGYQGDYYFRRSFRVSDLCKADVFIAIGALFSQCFHIYGKLIDEAGNRYWPGNRILCVILCRVYIFAFAKAIHFCHSSSNHMYSDAHYWAGRFETESAKWRYDFRTSWSAVSHWMAVELLLLLGFGFPDYFTDGMHRDAVNLVGNEHFVPS,23.93617021276596
MeMDLM (Unconditional),ETVYEFADNNVILPPEELAATVQWRGAGALVQASFVGGLWRATGDVGVDSKRKIFKCFLPILVFINLGLGVLFNISIKTYQEIVSFMSFGAALTVVALAIVVYAGLKNMTLKSEFDFGYTGSDVAAQIIPLLLFGISLSCLVGLSGVQVGKTPRRLQSIINFTKTVDDIATAVVLSGDLPPYSNLPIFEAVQRINIVYEEAAIYSIWYIYAYLIDTPLSLKRLASESHVAINVCLLGFILAFGGISFSYAILGGRTGQSTNFLPFFLRVFNEKHNDQFVVAAFSQLMGIPGLYAFGGENLTAGMAYEEAGLCPRSQSQLSNERGQLPYEGENVPWIRSGAIGAATLAGLTAWGAVITQLGAREMKTKASINIVCAVSAMAAAITDPGIKSLLKVAVYGFNVSIDPWSIIPYSFVLVVILRTLLGWAILPN,58.372093023255815
MeMDLM (Unconditional),LGMLKLEKGQPARIGYKVMLRAIGAKDYRNPEYSHVYHRLQGIIAQNYDIIAEVFPSYAISICGVIAPAPNGEKLEYVVVGSETDEVGPGEKKLSVYYHHVSSIKDRLDIAYTSVISINEEIGKGFYRKYMVRIGTRPVLVVMIEDLGTDFSVHGSLITFPMAVHVMKREYVLFDRYTGDHIELVTEISLAVMPDLLIDIIAVGGRSDSGDLMLRGAYSIPENVDKGLEDTVANAKTTFTGKFFSEYLQVKFKYDFLAPHLIYGAVLVLGVFIYRFADTPRRSPGLAVDVPNVTWIKLEFGKDSQKFDKPEVIRGQWLPIAAGLGIYTALMAPSLYFRPSVL,13.450292397660817
MeMDLM (Unconditional),VHPSYPPGPQFWLPPIKEELIFVTNGVLHLAIHYWALGAFVLSGVIYDVKIIEFRKMRFGGRLIPFIVGLTFLFSGTLGVFKSEHYSYMDITVGLSATAIGSDLFGKNIVAVLTDPLYRLLHNLLLEDGAWQSKGVLFITYAAEPGDGAGRIMELVIGMFYGSVFGFAIVFILITGLLAKVVIPWQFFNDIVKATSPPRKHWRHGAIFEWLVLKFFVEVLALIIVSSTAKKDFEGEYQESYPVIKAWICVIMLRQVIFVLSYNTYNIDQTFTTLGFEKVKDCKKALSHLASVVNYFNYLTDSNKMVVSVDESANISYAIFSVWYCSDVGSNRGSMFQVLKIAALTKSGGRIDHLLRHWLSGGFGALLYLPVLYGLPCLSYFATHNNHMWGYVVANDENSKLYCHDAAFVFMVGGACHVVIIVEVRGFVSKLKTRKDVFMYGLGVILLIMTLIYPLDP,32.822757111597376
MeMDLM (Unconditional),HYEGWAKRTATDLVVPPNSPNQQGRWNLLPVTHGALVGITPRQGCENFDAITYIRLQNKGAMYKSSRWLSTNHYLTVKGFNKVEISEMYWATVKNMNHRFQFKYLYTLSRNYLNDTGFNVTKDYRYRTPNFALYAYYSFSHNVINQRMMGVAIQFAAIF,0.0
MeMDLM (Unconditional),NQFSDGKGMYDDKANVILVNGGLYGYFGIANVILVRNNYNIPGNVFGGLSDRLALWVSFGLFSGTILNVGHFWSEESMLHQVDMLGGIMTVTVLLHRDSSPKTAELMYNTGDKFSSEVYLNGFGKLDYDEFYASVNHFRSQVRTHPTWRVNKTIFAAGMEPYETIKADQTLQDGNWIAVPVASAFQTKQYFQNINLDVTDDDIARGPVRTQSEYRGRAWDKKDSESPDRIFVLVAKNQPRVLAATADIFYRQQLELSAIPSEITGLCGGAMAKYENLGNFDVDAISTLMTQDAHFHSDYAAK,100.0
MeMDLM (Unconditional),DFHYTSTESELVELRVEDCQDVFQSVKIQWTTMVSGVFPGMTLAFYDKCNCLKFLEGYAAVTEYAVVSVLYSKRHKKSRWYLVDTPNMFVINRFIDQIGFYDFPSQDHCIYVANRCGIAIGLSDTLPMVYEALAEWDSTESCGWFSRKLENSCLVGVLRDQAAAIAVGFYEDCTVLYFMYIEFNVWKNYSDDLVFFAMPKSAMHIQDTVFFFLCAVGLLRNAHLKSATKFQDEHFPGGVARAAWIGMGLDLSPFPTYNYFEERLHHIGVDDHFFRKHQPMRQFFVHLSTLMPSGQWLKLFATVGPIAIRFNMVIPYAEACDSMRLIREFFNLIGEPMENKNLILYSRVVWQAFEQSIVRKSMEVNVRVTSINNGCMWLFVLGIIFALVAGITFFAEV,0.5037783375314862
MeMDLM (Unconditional),LRTGGVIALFVVTYLVLIGKIMPQDYRTILVSMLQWPADFSNVNDVNTGLSAVLQDDLVASRFPLQGLPQMKGLVLSNEALSSTQDGDLKYSIGRQDNADLIFNGRAYFEGELVGAILVYRVGGQIPQYDTTTRPYGVVSALLEGLLPSFLVRFINDEPIHLSEINYVTIERAVGYLQLFTMLFSGVLGLLAIGRDPIQNTWRFNIVTFACLWLPCLVLRGLTALDLVLFYVQPAGFSAVVELLPDATILYRTMNNKISFLVAPVLYFGSWYVPSRLCYQLQGWYERKDSVADALVMQEAAAGLYYTAPELRLGWQELPRSSWRDPTVSWIILFLTIGGLGVSISTLLLT,19.142857142857142
MeMDLM (Unconditional),FQSNVFNSFIVTCTFSALVALLGMLPLILLNKGKVMLRSPTLATGVVELQVCCIMCINDGEGHGITLIHDPVLMVAGQISIYQIMFTLNSEAYDYFRINNWIAYGMVGLIGFWIGLQAFAGDYNLWGIHIFFAFLLYVYLRWVCGMEWQSIVLTAGHIFFIRFMLNIFFCSMYFLFYDCLNFIHNTCSKPNFTLCNPQVKKVIIKYYAYKT,14.691943127962084
MeMDLM (Unconditional),ELWEKYFIRSPPLIRISTTRGVKNYTNYYRTTFKYFLIVALWMRNWDVREDINTIVNLLDLSNDNIGVALNVEILKSAVSYLDGIGSGVEKVELIIRYDKEVKFPGVTKIYANSVIRTLTGSYTMDERIRNAVFAPLMREYVYLRRALILKIRAERMDAQIYLIYFKKKGGILNKAQEDTNIETPLNQILNVMVLSERNDQLLPNNVVIGKGIQYAERAWIPSIMGTPLTTLPIKHDIMLGPTSGVKNKFVALKLSSQANKVSLVQGGVVAGTENVVDKVAPGLYFAIVAMSMKKLIEYSKLASKR,100.0
MeMDLM (Unconditional),LTLIRAIALLGAVIMLAFTMTYIIHFDRSFCQIFGVKTRFLKGVVHNLRNVIMRGFNVLVLFIAYKFYRLHWSNDLSLMVAYQLCFIFTRHIFHELFLSCTIGLDERLFMSKKKRKCIACFRDFAPVVTKAPLHCWQSHIISFMVNEGISGIFWSVHHISKKERHREAVYILHAAICVTAIVLFFHKFGKKLSAFIFYIYMLQFTLHWYLSSLICYALFCT,38.46153846153847
MeMDLM (Unconditional),GDTPWFDAKVVVPQHYWPGFRGIAEAGNWAVFRRGGAFAWLAGLVAVAMLIALVGVYFGRDQRKAAVPLDFGANAAAIGGAGETLVIFVDIATMVMDNNVKTDIHPDYRPKRNNTAAGAGVDPPYDARGVGTNYIEGDPLYSAVLQYMMRALAGRSNAH,0.628930817610063
MeMDLM (Unconditional),QKDAYYIAVTDKLLNSVFAIFEVVATFTVFATSTLARSVDHFGFIDDFFPSFVDISIFNETADQFRRYLKEAGVLKLTLKTHGQGENLITDKEAPIDMTVATCIKKFYNLKILKTAIIFQMADQAAGLGAMIGDFDIKLRIYLKDFDSKLAYNDRVNLTSFFLLPGLVALGVWMYAGGGSEGLVVNIQASIDFTALPNEMIGVGMEYYKPIPEEIGEPATKWLDNFFGGMKSGTELNLANAAVAVADVMPYEFVEEAKKTTPVFIDNVVANTAVIVQNRDIRTFQHQAYNA,0.0
MeMDLM (Unconditional),KYRQVDRLEPPEDTHEWLFWIHLPLTEWEEVILSEPNQWQGFRDVRVFIFVPTCVVDFETSVFKYIEGNVFLMSGIGLVVRAGMQCQRPRCAWGRGYDKIEKHPDPGWEYISLETPLLRQWADCADTACMRLLSPFSMEEEVPEYVADAKIFELSEVKVQKVIRKVPRGEYKLPYNGMDADTGFRHRDTVDFQLSLYKTVQTICRMLNADLPPPDLYGRASFLIVEQRIAAGAPRADLALASYGQRNSWKSIYNRQMGVVIGHRTNILNLDMNILQKRSNWRSLQQAIARQQLVPSNYRILDIRFKVLVYSLGAGIDLEVDLAVQDGHANNRPVRACTPEVIDSEVVPELPAARYVMVLDGQSQAVQGEPKSIRNADVSEVLKAGLNPLDDYEVHEGQSCARSPIELDMLVEACSNLAREVLYKGGRGCQVRASANGAQTTGDGDKMMSTWDYFESHGIVVDGQLQVEEIGYYGVS,100.0
MeMDLM (Unconditional),ESVAHVHGAAQLFNVIDFFGIFIVGSISPQRTRSFAPTVWNQYLSPSFYISQWVHLVAILVHDMLYQQYDDFSDENIIHAIICAVTLSFYVSCELKELGGLRGYSLDVDTFGVSITGQEKFSNGFKKQIHANIELVVDTLSRASMVMFSASAFGIASVGATTLVAIFNNIQPIDRIKVEQRTSFSTFTAVPVPSNPAVPERWVLEVEYPHLEIANDTSRLPIIPPQKARFESHQTTICLNDSVLDSVEAIMHDLKLIYYNNPRNLPCTKGGDLWLRTYDFAQNYIKVNVEKTGSSVIDAWVDDNVTAIKLIFSGFNYTDKIAKTTSCNSPTYVRDIMTGVNEDVEISITNLEVLCNVPEVSQVPDLLSSQNTFVV,87.73333333333333
MeMDLM (Unconditional),KYELVDNKALMKWVSKKVQKWKVSVYALVNCSFVGRVDKFMRDSFLDVLPRGRRLYLIPFLFTDCWTINPDRLFWEPEMHDKQRERKFWLFYPENPSLGGYTVGDFYCLSGGNVDYDHLDYQTVLRLRHANVLLTIPQGDRHANEWARRDNRSSLMQPNAKHPGLKAECVVPDPKWKDVRKVKFWMGVKTVV,100.0
MeMDLM (Unconditional),GDVDGNADDEKVELKLIDMPWPVLETVNIDRYADALGRVSVYNLCGHEGNEAPGRERAMFKEYKLVCRTWNVTPTDEIDYARPLDAFLLASGKFDTLETYVSLAINLHWEADAGDLLAQAPVLGLLEKITGRPVLAVAVDNETILAKPYEWDLGKAGKWSTQI,0.0
MeMDLM (Unconditional),VSHSFKVMIFSLIGVALVAIVSYATGMLMYGVGTVQLAIAFLAPPTVGLIPLILFIPNFVKAGVAATVTMCIGIHVHFVTRTMPNSFECSYGWFDVGLEFSVLFAFFIFLAALFYWVLFPWIKKVPTDRLSDSDDDFESTTCFCALCSSWCSSFTWVGVLFILIYLVVSQLNFPVHVVVKVRPRAITD,23.404255319148938
MeMDLM (Unconditional),DGRRETLVFVIACAFFLVGSVWFAALLCVPLYAVATYAFAGRNNALRPALPVFTGALATSAVTAAYATVWIGTMTVSAGRAAYAAVMGALAQLPLNWMNLAAVLPDWAGYLAVQFGTLTEAALGLDSGARVAAPRDAHARFLLVYAVLGLFGLFLPVRDVAIILGFDWPFIEQPRRLGTELILTFALVELRYEGLHNRVRPLIGVATYVLSVFLFFTNIFARTSPFAARAS,18.614718614718615
MeMDLM (Unconditional),IPGMVVVTWETFRYLDVITSVLVIAIMMLGNDFVIVILVQKQFNLYDVDAFVQLLAMADLLFIFFQPFYFRYRYQSLDGSEEFFRFRGLFPSTAVYVDLSTLGAIAIDRGLGVYHPAWGTLLGGLPYTTGLAYIAVGCRVTLNVGGSQSLLQDKWFLNSSGEYLVGRQLYTSLMLGIVLFGVGVFLVVFQATFTEKLWFFNLSSYTGILLPVFVLMVTGYAYFSGRRIESLPAVKRRKQRAQCMLRGVQVDYELVDEYYATGANFQMFKPIFPGQYTVSYRSGLRSENITNILRNHFLKEIDIGYDPRITLRAMTSLLVEDSKSEVRLFVPSKRNSKGHIEASVDARRQIQNNDIITLKVFFSRPPCDTQQVEVVTAGGGAWIGIDHFIGSIDQETTLSETQVAFYGKAANAYVHMVDMLVQYGAQIHVSDDAVIAACRTFRLDMATVFGNVTAL,58.681318681318686
MeMDLM (Unconditional),HGVNVFYNPWPEAANQMFGFLFSYFMLRVPSGWGIDRSRPLRKFSMYVWIILYFGLVNAGPMKYYGELREQILYEYNIDPAREIDVGMSDIIIDKKVSEKMLAALQAPARRTYMCVGERPGWGLCPNVFIKEQGDIVLYGFFPVGYGVSTAGMPTGDLMFDIFRAQHGSPPSPYWYRI,0.0
MeMDLM (Unconditional),SLCIQLMDHYPGIFSAESDLSKCWAYNPRLARCTWRYYLYNFVILTIIFVTYVRSTLKVKPELYAFVCHTTNYPHHVVYFSKESYFSMLHTEIKSRYTGIWISYLILLVLFIKGAIPIMRLPLKRMNRDDRKVRTTLMFIYLIWRSYRSLYNVYFPLFSYLCFQITITIRQMTQEVEWKLTLFMFPFIMAFGVTRLINMPPFQKEAVEAFFYLPKLIELLVGYYSQVDTHVKFDSFISLFSLACLSSYSLSVVTYLLQIHVFKYELPKPTTYSQAVFLSVSIIVSAFPLKRTVDDGASNYNKVNNYLIMIFGIAIMLTTALLMAHGISN,40.121580547112465
MeMDLM (Unconditional),VIKIFKFVIVSVLIVGIIGLKRPTSFEIPARLALTFVATFAILFSFLVVATSEPSGEPGPLTIISAMLSIGENIPFVIINGLALLFVLSIITFVRGVNYKPPIGLEMEREILYPKSVLFVGMLFNFVASMLLGTNAAASDPNFAVVAISVGLGIPLLIVFHKKSALILLIISMGIIVLSSFGQMEYFTTIFREVVVGVMAGVVALPWYTIRKPTFNFAVAISIAVTATLIILAILYFAAIGNPDLNDMVGTILQAKAIASGASVRNRYWMPAFYFPPMAPLLSLNDAGGMMGSIGAYDLGNGSAGHVVRSARDLDWSHIHHREGIWNGYGEYSVGKAENASLPWVLAYYIQQVWLVRFALSKNAESPRVQPFLEPLPIVNVTAWLIVFGTGCLVLFVPFVGINPSLWIVGVPSTGLILALLVFSSGDFSRRKDDDRQLVILKHYNNVV,20.535714285714285
MeMDLM (Unconditional),AFMIRDEFNRPFNWAYWKSRIPGWVNFIPRNFFSISYMPVGRQFGARAVWFIEPIPVVFFLLAFIYNRANFAESNRYQKFWGKSGLMGGGLEMWATSNFKRVVRIYAFFVGLAMWHVLDNTFYNIFDSEMNTNPWSIAPWGLTAINSILEGGTVMVRQGVRYRVRLKTFLPVHPQ,19.428571428571427
MeMDLM (Unconditional),MSYYPSIAALFAVIGCILSMIFTCLAAIKPQLISGVAGSAPFPVARRDLWFVSLVRVLALSIIAIYGLVVAVLCAFMGENVILNFGVPHVMCGLSLILACGAAGFAAGIAASNAARGYAASFGIFPIAIILVLFSELVALIGIIVAIKLVPRSEKPLDL,25.78616352201258
MeMDLM (Unconditional),GADTDYSQEWKIIVLSLFLLILLVGLSCEVLGIEVTDNVKCLVTPPKAGYEAPGRKALSTGIRLVGRLLSAQVIGITVYSSYLSLCLVGTESSKLVVTAFFYCAIFGALVLFGWFTATYFITAVFDGKIGYAIGIGATIGLRLFMGNVLPLAILVSLVMDYIVIAITGFLAPLHARWNMFHDSIAIHPLYGMLMVLWFVALQSLNNDLILPSYVTASLYAFPANFILLPNAQHPFVNKGNELAMTRLHHIGTPHLPEGQFISLPPGD,34.45692883895131
MeMDLM (Unconditional),FPFFTTYKVPTLIVKPIFMVLSIICCFFVITFLQTFHWPTPAKSQWAYIICFGDAFKVWFVDILWGYGINGPAFLGLVTGVFLSTTAGSDASGTASMIDNFFCTLFLGLLFYEPALNLYAGYSNLELLIGICGDWFTSDIPSGWSIKISGHYNLCLSIFSMGSCTFYTSQGLALIPIALLPVFVLSVMAAALKCHDQIPNASVCGCQGNMIMDPRGFHIAENPIMFALGSTFNCTAIVFSNSLKIGIAAVMYTQNTFPIFWAVTLLVAVCFALRLKEEVKGKVYVTSFIIVVVFTSFALTLVVN,40.46052631578947
MeMDLM (Unconditional),SINQVNYIVGLLVLTLLVGMIQALPPVIYDAYGRVKPEERGIYLLRRTNVVIGQEFLKPDIVRVLLSHVFGSHAFLVYRSTALLLVKGRARAGRTRNLGIGMLGLGISIGILCMITRYAFFYYVYAVQWQLSWAVPLISIVYFLLHWYGGVMLYKEWKPQIRRPNIVEAE,21.176470588235293
MeMDLM (Unconditional),QDIGMIDVQYGGARVQKMTVPQNQNFGYLNTAYLSWRGQYDDVFTMPKNYTQMLPLLANAGFAAYLFDIIGYIYSVPAASIDEKYGGSADDMERLVQMKLHVIVPEVEIALLGARQAGITMSFMKENDFLDTYRYFFQLGDSSYPQSLTYGDYTGWGNMWGWIYSVYAETRLQHHYAFLDKVVNLPLAGGGFDPHFLQVKTSLPKLTGISVFNAVQPLTGMMPAGFTAAAQFSAGNWFFALVQIMFANGNAYNMFTGNEGDGALRDTSNHALGLKRNYQAAGQFSYTIVQDDMTYRALSETLDVGGTAQELLTYQLNFDLGADVQIEHTMAMYLYRYVKYNAAWAFATSWAFGSWMYLPDGIVMVDKDQVAKKVPHFYD,0.0
MeMDLM (Unconditional),NIAFVRVNDAHVKVDSLEINEANNMWNYIDKVNKSKAIAETITVGSLLKDILISFQVWPRPKIDLPDENKYVDLVEKIHNELKIIHKDNFSPVVIVEIEKYKGKVPYEFWLRESGKEKYLYALEQVRDYCWKPEDEEFEAKMAAEVEKDILYFYFKGCLRGVFFDSLGNKDDLYFGSKVHYIKVYLVKFTEKVKAVAPNLRKLKFGNPPLEVQTVMKAGQLFMDNEFTEDAKCCIEIVIGMFLIILGNSLIPDVMVSILECTLQLGPRKLISHEIHVTDGLAIGVEIRDENKCKHKLAAENIATN,100.0
MeMDLM (Unconditional),VKKYREAVTEKALYIKTFFKTVLGGTIGISTGLDAFKKTLKSLYRILGRLGLMVFLVDLPLCAIYPLLPLSMFVYHVHTGTVVVELVHGGETVHGENGVQRLFLAFTLLTLAIYIVPFEFIKPKGGGEEELGSVRYKRVIKDTGKAMRYVYGLELVALFLSVATIAVYVINGPVVEDVRKAAGVVDGISKHVAAQLWALFVLGVIALNFAKSVIGWKVVSKSTVATTNGFKAIQNLFVAYLLPGIFIVLTGDVALIDFSDGFGQIMSIVMDGQIFKLGYDPFAVILIGLSILFVVRFIYLVTVQDYRKAKETFLNAIDYQGVALLSNSNTATLVSKFTQILDLTTSDQVVLQQSLSVTGIRQYDVTLLIQGAISYNIPGYFAPIFDRSVSQRSLLDTLNTFIKDLETLIVAVLYFLTREFNV,54.2654028436019
MeMDLM (Unconditional),PTSTIFVYIPDRENVDRSGEFLKEINNLEEVPLFVSFDDKAMCKEKKTIWLQGHQGYRTEIYVNVNLAKDLFEYLQVSEYNAYIHEKIEVCRRDRTDRHASPTASYELKANIAVYPEGIATNKYEFKSMKVDIDNPRIAVYGKRMLKVRSIAMGGYTAKGWNIFLEGSRKEGERSKKYDTPYDTAWWLVVFWIGYGSGVLGSSWMIWYAGISIAFIAEHGYFKHLGWVKGKRGIETVEGATGQWAVRVGAILYSEEFIEAANTFDSEKVQSDYRIRLSFGALGYYFEGIDSAFDGQGASSGNAGIAGVPLNAAAESYNNTNSNIGFADIVYKPLIQVRKDGFYMLYGIFETANYFWANWLYRCCCHINQ,49.59349593495935
MeMDLM (Unconditional),MFMEKYAVAWLIGLIIAPIFIVGIVTSQTGLHLYVNVAWFLVFIIAPVGRGHKLPVLTSVLEVFGIYSTTHGSLIIDRTVSVVRSLYQGNTLAYIAINFAPYCVTTAKFHPLSFALAHYLTQLLNCESHIFFQAFDIAFLQVASFMSIALAVYKATKSPSTLIIWDFPDNVKLWNFSWFDPKGYQRAALGGSIKFFIVHIMHILSPVGWGQYEVADPERNLFQGMATMIGAFLYSYGSFDLPIASHQMNQHLFSMWTFWSNTDLLILSWYFWTVTRGGGLTGLIMFLAPILSVVVFPIFFFCFALLYHFEGPTGLLFVFSPLLYIPHIANFSDPRHGTTYLLAVVTSFFITFLECANRKGTISDGDILNSKRLLHSPLEDIVGIWWAYIVYSAGLGSADVSRPLIALGVFFVFMAVMLYYMWEDLSITAIQEQMESNSRQFQFMRSL,45.86129753914989
MeMDLM (Unconditional),FTSRTNVKPGLSSLVFVAFFLGLWIYAFSYRRGMRYEQMNDIYYGPQLLGIGPDIQFWNTLLPNIQQSRKQAYEPLITSFDKKVVSLITRPVTLIFLNSMFIFVDNVFLLQAATQPTDYITNAPTYYDQAKYEKLEKVKPTGDQIRGYQNLHIMPPIGVEFYRYLRTEEVKDLLLIFCSLVLVYMFSKMYYADFHGRIAAMLEIAAIYDISKSLFAGFSFWVLGIWCWECATLLTICFTRLLSKELFVDSISKSISGFGGMIPGVIISRWFLYLLFLLGGFLMSLAAFFMYETFESGAANVRE,17.491749174917494
MeMDLM (Unconditional),GLLLGFFLTVMNPRGVVTPNLSILFSTVTAISQELLEGNFIEHVSLSGLLEDESTLYMKRLRTVYYQPGMVLSPYNGGTILWVLLCAVVIYRVRRLLLTSFIIKYAIAFLIHWFVQMVPLTSVCYAIFWGRFILDGSWKDGLRLCIWVGDVFSLGKELGVMGCSGVYSVVIIPGDFLCLYCEFASLAANLVLLCFGSTAAVTNRKYHQVKMLRKLTRYPTTNQSDDILKLLAILDFVMISPLLVARKRTPPQERTDYALTETFSVLKMFDGVHSTLLREAYARHERRLSFFLNDVTIERPVNSLIGYFVLDKVLIPDVTKPQPHVAHLVLTICQGNELPQCRLETMVATSGLYNHLLLTNNLEHECSVFVGCGKHTPEQSRSFAAILPQYVSYNPFQSTESTYIRVLLASGILDILLTPLLIIIFTSLFSQRCPSTISSCYILL,59.68468468468468
MeMDLM (Unconditional),FHIHRDVTLGFKHSYDKGTIGYWRHGVFVEKARETNYVVIVKNVIVNIFDLIGTLLERLVGLTMPAQELGPNVNEHVIKYNRQRMKLDLDNEEAHKVSINANKEGEDVFSQVLATQYVLWQKQPSDLNFMDRAKKKGYFRDAGAQTEGEVVVYEYEATLAEELSRTGVSNVFNNRREFKHVPLDEVGLLIYRDFRITFEIGQGELHDLWAQEQLYKHGLKVPRNLEIAMDAEKRIVNQA,100.0
MeMDLM (Unconditional),PYALNSFAYSAAMGGFNTLFGGFISRVYVALSLLFGFAGVLYGLILTKIYTRFAKIGWFAASLGAYLPVLSFFFRFGEHFAGRLEGYLQRYAYHYYAWGFINFPGIIVNLYIGNAWRQMMVWAIGYEDWDPAAHLVKLDENRLKPPNWAFFWGNIADPLIRILDEAPLGVRLYKGGVIYDPQTGDKMTIWADNVMDEYMESRRGEEYSQRAPEGWIPYYFNHYVAELQADNPISDLTKERVLRNGKYWNYIYGDRVGRPQLNSKYLDQAVPLYSATRIQPFVTMINYKNELWIFRQPFIVSENNNVSTLLQTEINQKGSLGYQNNAITNRRGNIFRKWWFVGKKILFDMNKGYDPWRHLNQIIRQPQAWTYNRLATANTIEKYINRFLAGNQHPWLTDAKLELVVYNEGKTLENIYKYIKNMRRHINQGPNLYPAL,1.834862385321101
MeMDLM (Unconditional),IWSVGENNVDDVDLFPAADWRYLEGEPPNIDAPRMYGVAFPVHGVAEVLTGLEYWVMTLKAHTYNSASMRARLSPTADYNHSFAPEAKPALMPGIAGQEFGATIAFESWGKALFSTGVDIKTLHHHLTNMNKPDAIYLADVTTSLGHVNVRGWSPVGKLTVWVPDATRWRTNRDKATAYAMFWLKAYGMQFITPMEIQWARHGDIPIPDHIKGPGVNIIWGKYE,0.0
MeMDLM (Unconditional),NLTFFATANAITFAVLGIQHLNPIFNIQQLFFSFLAYHILWRCVWEVLANFFILQFQQQGVPKSHEHLLYTFFEAVMYLYHLHGFMHFLKPGMQKPVLYCLLAGVAIGFLIIKGFMLGTLLEMNVAVIFCGTLALYILPNINPSDFALVNKRKPNFMYWWIIAISKLCAIWQTFIVLGASLTRWQTLNWDFVFCISFYSYIYGSLPLFTGLISLWAASRSIRTKRKLFASSMVLTTFILQVILLYVALWFVVLIFIIQVFCVQQVDIGGDRDKD,24.45255474452555
MeMDLM (Unconditional),TVYAPKDKAELALVQALLAAPGATRVADREGVLQTNSDRFKRFAVMNVFGAVIDDYVTYHIRITRDYGFNDGARGVFALTLQGNCGSKLGDYRNNQERFDQTYGFSSETHFKDSRTEGIHFNWNHTSAEEYVQKLSRLGEESAQVDRRFDVEWFQIVDVLRVFRPLVRGASFEAALRTFTNYLLPLRNVFDFVNKLNRLHKKFKNFVELPNGKDEPLGMFYPSLYTPETRHIAGLFENSTFLSVIPADFQGERTGFWSIYGLLNWDVSGNMNGVRLEVETMLFGLDTPSALAEKVKLTIQTRDALTSLTGDTDGNVPVLYSLTGRQQNDSGFVFDYTANLGIGVAYGAGHDFRASAVKGDLGILSGIYNLDDNLAKNTLLGAGQHFRSHVLGFLLRVPYFF,0.0
MeMDLM (Unconditional),TFSRLPRILVWAVIVFVRIIAWGELASTRSDLGLNMGLGLSLLGLFTNAAAGYTVAQVIPVETPKENDADVGAALILVSMLSESPFPSLIDRFSIAFALIYFATIVLGIPFKFKFVDGAYAVNVVPVNFIVGVLFAMIVLELVMIMVRAAYFGRTVQDSGELLSVGTIVGGLRGFHYSASKFAQYLISGPEYSGCFGLFESIYNRLQAGDLGFGGNLPFLGKPASTIFNLLSRRFVLAFLVLFVAIGVSMLVKVIGLSELYTFNVTTDIPLFSPHQLTPTIALFVIFLTPLAAIFWGPLYLLLNPIFTFIKGERYPN,17.034700315457414
MeMDLM (Unconditional),IYGSLHQAMQSESSEFETTQKEMVLSKRFFRRPCQEDMLTAVFQVQNLCVQASAILGFDPPFERDNFFYTSTYLYGQVALSNFTYTYRYFSGKRVSCFLLQSSFWGRIAVFCYVETVKHYDVRAYRKPCGNHRVIGNKWVIRIFFRLIRNVFCSVRDLGMHLTDGLSMCCSSLYLGKDTHDMFFLFVSQMDLTLEERAVSSWLAPDLSIYQLLFYTFHGLMGIKLWLLMHFPYLFQAAGIYPDRCLLATFVLHYLLLLLIPMTSIVLAVIFPIIARFNTTVNKDYRFDQYLQM,77.81569965870307
MeMDLM (Unconditional),SFKFESVYLVVLLRRSYEARAVSIKIDFNPKLVISSEPSRSYSGPIVIWSGTFKVDVKNLHKGAVDTKSAPNYKLSIWNPKEPGNHKMMDCFDKCPYIGGELEVDGIMDQYSQYKFNAAQDQDLNQYFERFTYDASVSNASVPENAFGLDRFKYCTGDKDFDRAYGYVPLVYCTSKTNYTDMTFAEFQRGLKVTPVAPVLKSMWVNPPPFWQSRVLAQYYDICDLNGVYLFNAASLVFLKAPEVNTDGLTLQIFAKFQLSSTTSVILSDYSNA,0.0
MeMDLM (Unconditional),YHIGEDLKDIFKWELYGIFHYDTDTIPFGYFAMRLVGSSKLVPFFRIFLILSTIKEPDLPFTFFTLKYPNVEEIKKQLRLILKGDWDFTNHREEKFDAFDKSKEIELYQIIDREMKADFIDVRYLDVRAEQRLSIAEDFVPTTESELLYWIPERFDFQKTVFVEIFCDSCHSQVFQVGFLRWWKVEVPKFFWIPIGVATVLVIMRDSVIPFAILSVYNGTLRAMWDKKRDEENLIEEITDYQTLQYPVTELVKSPFYNIAYINKV,100.0
MeMDLM (Unconditional),GQRIITGLRLFLANGVPTWTLFDPNYELMDKYFFQLVSAKSRISVATLLLAALTMGLAAGLFVSGAVGHLSRIYAYPRAINYIGMELFGVGAGATVLRSSYNTPDRERVLAKGRKWLTAICVSLIVCYLAWMSLDLGFGPVRPWMTLLYFIASCGIQSPTTGEFMEWSRDDPLRESKFTLPLGMGSVGIMFFAFNALLAILLNGRNHVVGLAQIQAPGHLGFAGIHDGLKNVGMVLFLVSGVLILAYHTVILSMQLTVPVVASLAPLSVLAGFFMLGLASWLFLRDFPFKNDWVRLFLPTLRGMVYFLPTMTVPAGADGVGSGLLGTNGIDKFANVITLCALWGAWGIGNFGLESRAVRQTRAIEPYF,33.69565217391305
MeMDLM (Unconditional),KNLPTVVHYVAAEVSIMSEEMLFSSLIASGLFCSGFYLLGMEDGLLIFRILSRAMILSVLTGMPVFLLQLFTGMQNDSGHYLVNPFSFDIRYRENGGVYTVRITLGHAVGILNLVETTIAYLYRRDALIKDMAQFPKYVVYYVFRFATERAYDLMDMVDKLGMRSDLVPTAGAMLLKAYVPLYNHLQYLNPTSDYVLAEYKLTRSI,10.194174757281553
MeMDLM (Unconditional),FPLVVLNQVEDVREAASSAVRGNCSAIWLEIDAVEAWSPNKLNNLKATKKVVATLSRVFSSQGYVSPINYIVATRCSLQSLLLSSYGDLELDNRSKIDLLKIVIPSGYDTQKNQPQVKTLDAMNDGLAKTLVTYVEFYRPLEARLLLSLQPKNWRNYDTDGVKEKREVIFSEDPMYIFPKQMGASEKDILDAAGVNKAQIAGSITHNVAQLERVTTCPKDWTAKYSNYSLVASPWATVRNVLADPVFTVDDGVFTDETGCAVARLPAFYPSASICERINTEFVLPFADLGDLLFESVNSWGKKEGVQLELFKFKEDLPLWEGDLTMLEQERN,100.0
MeMDLM (Unconditional),TVLALLHNLFTFICVYMWVLYDVFYRMQLRGLLLGLLVESPFFPRYVLLWYVLNNVIQGVSVMLMLFALLLVLAYNSTVNKTSWVRLLAPWMQAFPMNIIIGPDPNSTMVTLSALLESYSFDYFAYDLLAGSFPFFLILMGVVVFTTLVLL,15.894039735099339
MeMDLM (Unconditional),PSVDNWDAIFGMYAVANGYGGAVSVKNENDVYEYRKQGGNMLDMNNTWDQQAYKLAPQRAYGVKTEIHQGAGLGEDVVLGGDGNIRGDMLREYRITQSPQTYAVANTFSFKVDDKPKLQYYEVKGGTFHRHDYGQLEGLTPGIPDHASSRTNLTAYRLAVHYGEAFATRPGDTVSFFSRILRAFVDDENAINNAMEVHFVTTAKLVESAEGNLIIELETINRLLDRLVVRVMSFNLYIQGGLENREKAWDCAVHRLTVGADLLLALDVTAHLLEYLQKNYRRSSITDRTEGHRLCGVMAIKYEEERGEAAEIRDDMDIVAIYLRGLPWFSGLNVDPISKIKERKKKAAM,100.0
MeMDLM (Unconditional),HYTIVHVIADRISSLFFLMFLDAINPQYTFSVPKSLTEQIPVIFQRYFITAYLFELILYVLAYENIVSEFRQEWLCVLMSFRLMCGAKILVTPMFAHVHLFVCLPWLYDFSQQYAKNVREDFAFARFLARLNGNLQTVMTCLHDALIVFVVVILALSIGATLLANFESIPDGTTWTLRVQQYFGFVALLSTLILIIDEVSWQKLNVFGGSSSAQHMTIFVMIPLLIILLWGGVNNLLRTLSEVYANFRKR,32.0
MeMDLM (Unconditional),DVNIKAMSMAFISAIGMVIAVAFTNIAPDPQVTGIALVLPVDLWFAALMGVILLMIFVLGMPPGDDEKLKFLMLPIFLVNPVLSLLPIGLAVALRGAQLYNKETLSIATITGEDADAGVENLIVALGLLFYVVFAYRLTLVSLEKMLGMVLMCVSTGLSAIMLLIRKFNKKKS,32.947976878612714
MeMDLM (Unconditional),VPLRTKWKLTVLSSIGGATYLVFIGQVWIDYAKYAPSGFMVFDLHNGVGRIGLSPVRLRVLPNLSSIREGLAYHGNSIDKRDIFYDQVLSKRNDGVRHQYFTTSLQQQTFTQVGLVPTLPYVNGALDLSTFLEVNILRSVLIPILLNRKYYWEPYANFVLNFPISGGEGMVFHNLKPDPVKNKPIFEDDWAGDGYYVDFARFLLNVDPDAAEKLSKNYALLPVRTFYGWCAPLLILSMVYVYKDALHNGDYMASNGLLQQILSAKGLDDDLTLLVSASKRIGGALGMIFWADNIYPAIADRTLISPEIFTSDGYMVNNAVRNAHWNVCLGIEISANVDSFVRSPLWTDRFTINLAIIDLALLPFINEFFNLAMVTGLIPDTMHYSGVAYAGIFALPSAFVILYFLYLKTSMFFLTLYGFLPTRAIDETI,5.594405594405594
MeMDLM (Unconditional),FKIFIYFTKVLIAAFALCLLYCAYKHFFDAYNVYASLMLKLNLVELVEVKKERNEKASAVFIPDNKDVERVQPGEFLNNTQKWFWTILADENTQLMMAWNTAAVIGMLIIGLDMPVWAWVAVALEVANGTFFYNVQIFGGKNHLLYDIYISYYAPTHVEPGYVIGPWETFGHAAFAFAVVRHILMTILAQDLEGFHAVFLKMT,13.30049261083744
MeMDLM (Unconditional),KEFALSVALKDLRTETQYSLSYHTLIGYNVCGHEYNIKHYDLIELDQKGLFFRSSEAVTRYKGRGIQARQSKKWGHSTWKLAGFTVEKTFKYYIHYYNFFAEQIFKRKYDFIDDDSLSPNHAKAKICTFDEFRTLFLNGSTQDVLVEDGENLDVIFGKTKDIFDNTNSMVKDAQHWDHVTKAPLKAFIDLIYVCDEIDAVVKIVGDEEVCRKKFPEIFKTTTPEEPDLWE,100.0
MeMDLM (Unconditional),MNYVAYPVFFHAAWIGLIFHPLTYVTYNHLKRVAKKLFLKEKTYFRGRERYSWFSCMNLADEIMAEFPCHFFVFIICWYHNDLLDKARHPATYQNVFKDNGVFLMKTTKNTKFKKEATKIHKFLSPFFVPPLVPFAKVIYFTYVREGFTKDELILDDFETRHHLALDFYAGQGYFYEILVAHIAPAWGGMLFYALYPLREFFTRAEDNMDEFFENEKKQY,100.0
MeMDLM (Unconditional),VFSLWICICSILVFVIVQDPWEMGQPLLKGYPASPDFIFLIVVGVMIRDCFRASHNDSKYWAIIIIFICIFVTHYFLRLSSLVLKVFQTAIQGFSVVLTLVEGIVAHAASRLNITPAILVTVARAAYQNLHNKDIKINIIYNPERGLFVLLLYGWIRYTGISLGKLNGFQVSTTAHTEWRVGLYFMLQPARSTNVEVVATHGHSDRMLANKNQMSDTGIVGKDILPKWCKLIFVVVTIMASVIFSNLLTRCVSVALNPRQLYVGNKQREPPRLLLCRGCHTGSSLPSASWNFPAMSTACYAVLILISFFGTEDFGIPDGVFLAAAISGSLSKSTRTFPGLLSIAAIILLFVVVPISCFAVFMFEGSVTSYLSKKQNDLTLGWFKWIPYRNLTYRYLYDLLTGGGGQLLVEALRIVIIYFATYLIIGIIICDSLQQVLYTQFYTDVAVSAS,28.888888888888886
MeMDLM (Unconditional),IAETAMIAGYVGASWTSSRFIIASCLWASKLSFVPWCERSCESHAVEWQISGVQIVFSALYSFLWCTLAYGQGSPAVGVLKVEYNSREEFLVLEKKDGISGLTFTIWMLIGFSDCGLSGGPKNKKTEAEAIGYIAITSCSGILVISLCGGMASSTPTGCPVSNISLPKLRKFGDVILILVFAQKLSWSSAALVDPFSENAVQDCSAVTCLVDSDLCFWICFIVYQKLGRADFDIDCPFPLSFSVFVVGILVVFYLYRNWDDVIGSGINISSTKDCLDGGMRFVEPISRDYAADTVMKDYYDSLCSPRSPLLAGSVGWVGAYLAALLSSNYHFTLFYVRFVRPISPVTDPCLNFNTLVNPRLGAIARGLKERNSNFLMDPIFLTFRYGTDIPVFWFFLGFFVDSLYWIKLIKNNWNLAKVH,22.380952380952383
MeMDLM (Unconditional),AYPVGIAGDVLFLSVTVLFARQAKVKVAYKLYASSYGKSPRVYVAVSLFSCKFVERWFRTTGVYRFQNFAIYLAYIANFARNQVIWWNWAGHYKLLGKKTDSDSLWGWVSCLSNNEFNVLIPVRQDPERIVRAIEFQNGSTYLVGGGVLCNSIFQGIPVAVNKNKSAINGDNKLPEGQWLYVVYVWFFMVPVVYFPIYIYWRIKYRQTKQ,40.95238095238095
MeMDLM (Unconditional),YNRQKFSNADPTITEISGFFIMLFSIFSSYSFLPSLLTYQGFNNHMQNIWGFFELGTQRHSKDITNEELYGGKVERQLQGTLWLRNNYIDSPGIVVTGHLPMDEKYEVLENVANVLSTWNYLNINEIQYKPSFVCKRENGLHCKWYNKDCSRR,100.0
MeMDLM (Unconditional),KEHIKLTLKDGQVDPIGVIPAQVYGITLSLKTPCSGRSWCKRLETFTPLGSVEEVATKTNGLKVTIHDQDIALVTVSPVEVVIGVRHSVTKYNKLDVQLPDEKRDYRFESEILRNFLALAVATSNIVNKEQLKEFNHVHYNVITTDEMLTLREYQSTRLKYLSSAFGAILSLAQQWSLRIYVNYVGPMNDAGNAYLITTTWNQYNYDFEREFLSGVLVGNDIDSSLPDYVKATKENVFARSAAGTTAHDDNDLDIFSTNTVLDNFTDQLPYAVADNSSLNTQNFAENRTIALDYKDKDTYIKI,0.0
MeMDLM (Unconditional),SNYSHREFYKGDGPFVPHSTFLHPLMRGFKYLLLVLSATATIYESMRPYYTSLYLHILAVALIYVFLPLPSDYYYKASFYTMSASLPQIPEEFALKFKQANMQVHLWTLETPPVLVILRELSDIFNFLITAEDWILFKMFHFNVDIVVKHFVPTKAIQMVTPSATVPHAVLKFFNDILGKQ,77.90055248618785
MeMDLM (Unconditional),FPTDDNIFSLPFYGALILDIEPQRDANLRLSGRFLTAYLPGNLALIIIPFFSSIITVLLGGSLIGIASWGLMMTWYLGLIFMSGLLFCTVRLILLGTTDLNFEPLARYYGDLDVAKVVGELLSRLALHPAFLGYTKLAVVTLFVGANIAGLLVALYSGSQNFWNFLVLSAGSVITITVLGSIIDGLSSGTDRKKLFAVPVGHGYFYMLAYLLVSGFSAMASIVLAAILKRPILNDALAIILVFRVTMDLFLNLFFYLPVGHLVTGLTGAGLLLGTFGGALGVLNGAGASIGYR,29.692832764505116
MeMDLM (Unconditional),PTSAAKSLPFVGHNNLKVLYRDGATIVLNIMVLLVFWYFFINGAASGAAVLAVIVGVNGVFRLYNADALGSVIWAALGNGLAGIREGQIWGEVVNTGRLMALLGLVLAAMGVLELHVSGIWIIYTIAEFVSRSSFVYMISRYGVNRSSGIVIPHLRV,51.59235668789809
MeMDLM (Unconditional),ILNFSYVITFLLLILAHFIGLLTTILSLAQKWELNKQVPAVKFVAFIPNFVISRLFPIVAFYHLDVYGIHSFAVHQLVDLSLLVLKEILSFDRKMVMIRNANLQGGAELSLSALYVRTLTRAVDQFSQPREQADFGAISGDCSDIRALTLGWGYVVSVVPMLSIGPIYLEAVEYQSGEFKWPYVEETCAVFYRCVAVIYVQYCAMFDYKRGVLPELSQRVKAILLIPLFFIIFSGSLLIIVETCTASL,41.935483870967744
MeMDLM (Unconditional),DKETAYYAGYLTFATVVYSYVYAKIFSIKNDVFLNMLNADEKNGKAFVKSGFITLRVIDKIFASPNWGLRSYRNQKQVVIPVNNEGVLQESLFRIEGAKHPITLNERPYLEMNPSTGKESAMMIEFNLNAPHSLYPSAPYVMFVLYVMGYQDFDARFKIGGGELTFWGPLSLYLLLILVLLLRGFLQCFNVTCYEFAEPMIVKLQRTFVLARRENNVVKAIPVSLADAYKRIDKFATLEDLTQNYINDAFKLNLTDVEVRDLLTILDVLAKTRTEKKDATLHAVSYLHFNAPWYRVHEGDIVFIKDYMSKDREQTLIGLATGVEKHDAITIEYFPLKVTIGPNATVLLTIFIVVLASGFYYMTRSLWG,81.79347826086956
MeMDLM (Unconditional),YYGFVGIITYDAPADVEAGHQSSSLIFTTSCTNGNNEWLKGLQAPWCPFDLKWPCVSLCNQCAPIIDGQSEILVGLCSQYNMAVNTDHDEEVLVYYVEYFILSTNEQHRYSHNFNQDSIISAVIKSTPFNDAQVGIEDMGNNDNYVIVKIASDVWSNVNDDYMTWFGVVHDFDGENHQRVETQNALTTETVEFYYMPQPTYVHVPPPFISILQADMQEVLPYFTGDGEVALSDVKLYLDKKMSTVENGTMQDAHRFTQREVIQHGPEYLLAGVEFGHCDLQFRVRYNLEAQSALEVLELTGCGLI,0.0
MeMDLM (Unconditional),RRAERLIHIAFMLQETSVEFYHEAYRLTFIPFVSFVVSHPNGAGVNHYEKALDLRLISIEVQRCSLQYKHIMRLLQAHHLTEILVHFTFHDVVLTGAHKVLQEKMQFVEPLEMPRKYQASESEAYYELDWLDGFGKSSLSDLFQYSLTPKWGFLRLHSKFTYGDHSYNFRETVADPRRTVTDMIAAALGSIYSSDTFATIVKLPMLPVTFLSDFILPFVIQLLFGAYAKKNPDTQYHLRHVSAMTKLAALNVLAFWSFQDDSCVKDFEELGLDEKLLAKNACDMERFIVIAALITSPRIVRWQSMKRAWV,100.0
MeMDLM (Unconditional),MYTRPVTADFTWFGDPNWNPAASTYGSSCCCFSNGNKTYGNGKLGVNTNNCVPMFTVFCANFNLFCDSFKHIDLITASVMNAPNALVNSKFFKDEYFINGSYYNSGSNVDPRELFMGFFALFFGGYASRPQFFQNADNHVAQIKNNAMGLENLYVWLEPYVNHYGRTEEELARERPRIMMNANAFDNGSVPIFLLGPSKKFSDEENGMRPMVMPCHLH,0.0
MeMDLM (Unconditional),GASYFWIIQYLVLGLFIIFAFAPVYLIGLFGAILKPDQPSGVAFFATRRQAKGSLLIQFVPVLIFFFLFIVLIYGAFRLFNYWPTQIFYINIAAFIMVALLLGLNADGVFAFIYWELVALVRKEFPDTIELKTPKSVLVFIFNAVGPDQYQTVPADQFMLWKFALGAAVSVLLFQVTAQYDLAAFMVWILCFLLFGLLLASGFPPVFEFEGMFMPYYMTPYLWLYGGWILWAPFLALAIVLYFQNNKPLIAIASIAIGQASTIFAWTWAAIFPDAITFPVIHVVYIGVLLIPLGILFYYLDFVR,26.644736842105267
MeMDLM (Unconditional),AVNDNLLADYDLEKIKPYFEIFSAFYTQAFFAGVMSVLAVTHKDRNNTMRSGIRRLLVAVLTIIGQNHMLSEFVNSNTEITAVMGANFGAYRKRMKAKKWNQSFWIPRSIKSPPATIIMKVVNTNRELTLKIGYVCLYLTLYGILFAMLGIPYSKSYSIWCSSKKLKDKETLELTRIVAPSVWMFLTTLLIMLYVLVPFFKGIIVALGFCNYFLVWGKFNKFI,22.421524663677133
MeMDLM (Unconditional),FDNYFQSDILCPANVIRMVGFLGLVPWIGVFMIEPGNRKKLFVAEWDFQVRAAAIFATILILVFLENNIMELLGMLGKTTKLLAGRGFPGTERVRQWYRSMYIIIATWKLAQAEIREWLMAMVAFAMILSVISCGILATTFADYRRLYGLNWTSYSKELYKNGWIVSIHALINSNNCTYVLGCAMNLGPGEASVMLADTYRRHFRAFIYCYLVYSSVCVFML,42.792792792792795
MeMDLM (Unconditional),PAEYKFRKRFLIRTAVETFVLFLAALVVLSAANYDIFALKYRQSAEARFNVYQIGIGGVVIILVELLQRQSPRQTAVYMQSRKGLKVESVYHLSEANYHLALYYFEFPDQILWQTVRKGIYNSSSSQFLVYFVVIDFFGGGYKAHWMFGAKVKRNGLFLVVRADALDFDNNSLNRIEAIFFLLSVLFVIFDVKNQKYYSMTSIKKYQSKILLPCIYYFYRFLSVGQYFVQADFRGKRTPLQNVWMQNIIWFQPLISHAFEVINFNQVYIPEKVALIIFCFIQLVVMTIFGIVGCVF,52.02702702702703
MeMDLM (Unconditional),FFSLPQANFEPGKNLYISSKPSQNWVLRVGDFTLEYCKTAYAAALIDLEKTPQGFLFWAMLALLDTRKIYSGGMMLAQDDSRNQYFVDGKEDVSGYKYACGNQLFAPKKWSYKPQRAEFLGRNVRKKTENKRDCSRLKVCKRWPCKQLWLDDVADLSNDLQIVNGVGDDAKHFGSREYFSIYEQEKFGYSFASAYDLGTYGVAESTENVQHDLWKHLALLLRRIWLAEDLGNLSNAILQWVAVLPKYAFAASQYWEAWFYLKRTNGIILTDVDKMLVEFCDREKRGYLDLKVHNLFF,100.0
MeMDLM (Unconditional),SGLSVIVAFVGGTTFPIENHVNASAVNGVNGRISGIGAYVTSKPRYIYDQPLMRFARVAIFHEAQSAPMVDNAECRLGVQFIILGTPRLERLAAQVLIAHNRDKTANDNAIKVFPSGGMPEKMGLRIELRGQSPKAGQVAPVAIGSPMGEQVQAKLVTTRFYDYIRVLNTLEAIGQTAYVMDYDVYNGGLCAYWDGIKAIADRNGHANQLFIAGGGKFGIKYAGEYAALPRQADLYAALSGVKYISPNFNIIEELVRNTATMPIPIYQRLEWATNIIIDIDTAIVDGKLKDLLAGATKIMNNVGSTITVTVQLDLARIPETIPGDGVPLEYIKAKPAFYTQPDIPRLAEAFITLQTVERNIIFCSVCVDVNLLNAVNVDSRTAQQTIWGNFFVKIWEEERQRRRMLVDDGGPVERLGIAAAVILTPQTALPGRIQNPEAQVGPRGLKYEVATFLQIFYEESPYTLQRAEDLHTLPYQLDVIYSDT,100.0
MeMDLM (Unconditional),VKEIEKQSTERIASLFIIINISSVFFGHFVYQVLSKIFDDIFAFLTALIVLFSIDILFPLIMINIFHFEVQLMDLLLIAPLGIVSFLLNFYLRQKLQRWIYAVYISTLLFAVGISSTSVPTAKWFAMIIIAYETDRIFDKKAQGYTDRLTEGQPGLYYYRIATETYMIKILDLIDKPLKFNNFVEKGKMDAFEGFIDIANLAYELNNKNSNISMEVRPHERVEMPNLAAINAYEPLYTFEKIQDEIGDLIKGEPMLWSLKPRQARALIYLYTQWKKYTFKHLGYLSLDKFLEVIKTPLGFTFQILDHEALKPNSWLLFRIAAKASRKVENNKSDGYFPYITDLVRSSHNDRGYVTTILRQEITRLLVRMAVYPLPELLGFAAEFLQRLNVVFGRSLDKFPEPCSPWQKKTLEKIVELILLDVGYNATLVLGNVVFVSPVIFSLIPGLIFVIYVLLTLRYTSIQGAVFYK,70.36247334754798
MeMDLM (Unconditional),YTSVLQTACPIFSIFKVSQMVVSSSEEFKLAENVGLLLASAIVLVLLFAAFYRKAYDQSSPFSWAPLTLAPSYLGLFDIAEAYTAISAFVISWSLGGIVAYKLNGDYYKTATYQASWHAPRHYININNIGLATVVFILGPYLGFINTIQLIAMKLLFVPISRLCPMETAALKRSMNALYSITLKFNWLFFSFVILGFVSGFNTQWPSHLWLLGRLSLLPHAAIFVFAWPSLYVVAIDFSGMTITIAFGDGPKMIIVAAVNLIVTIVGLSQVAYPPMNVFSIANYTKVVAAHHLGEIYMGTWARVAFDGLISLVVLTVNGMIWSRLRQAKDLGHYRSIIVGDLERVIRGSWHVLTVTAAVMNSFGVARTGVIFEPVFKWSMHMSDFISWSFLSLLLVTSYIQTGYLEFFKHVPEAPEFLSKDALSAIIFAAIVLAMVIYAFFLILTYPLMRRVVAPHGVNT,32.17391304347826
